tehsil,year,season,rainfall_mm,temperature_c,recharge_proxy,crop_water_intensity_index,borewell_density,irrigation_census_proxy,observed_water_table_m,_true_human_residual_m,rainfall_mm_lag1,observed_water_table_m_lag1,baseline_pred,human_residual
Bhiwapur,2010,Monsoon,508.8,24.8,0.653,41.61,13.46,46.59,15.914,3.182,75.0,17.559,17.653048258152264,-1.7390482581522644
Bhiwapur,2010,Post-Monsoon,128.7,27.6,0.119,44.96,14.16,43.02,17.839,3.409,508.8,15.914,18.907348561216597,-1.0683485612165988
Bhiwapur,2010,Winter,23.4,21.7,0.0,46.22,14.29,43.96,17.302,3.32,128.7,17.839,19.20006062529748,-1.8980606252974788
Bhiwapur,2011,Pre-Monsoon,45.8,33.5,0.014,45.77,13.54,40.01,19.394,3.198,23.4,17.302,19.1989503559785,0.19504964402149838
Bhiwapur,2011,Monsoon,592.5,26.0,0.708,42.34,13.39,44.49,15.51,3.048,45.8,19.394,16.59703233916451,-1.0870323391645105
Bhiwapur,2011,Post-Monsoon,185.0,25.0,0.212,53.83,13.79,40.67,16.018,3.252,592.5,15.51,18.269854969504266,-2.251854969504265
Bhiwapur,2011,Winter,18.1,20.4,0.071,45.65,14.35,45.21,18.229,3.546,185.0,16.018,19.170463592584014,-0.9414635925840145
Bhiwapur,2012,Pre-Monsoon,60.0,36.3,0.1,45.29,13.87,45.09,18.173,3.292,18.1,18.229,19.18154743658407,-1.0085474365840703
Bhiwapur,2012,Monsoon,616.6,27.4,0.761,46.97,14.28,45.17,15.858,3.942,60.0,18.173,16.39782771265681,-0.539827712656809
Bhiwapur,2012,Post-Monsoon,115.0,25.6,0.127,49.28,15.0,45.86,18.371,3.728,616.6,15.858,19.03639866236578,-0.6653986623657815
Bhiwapur,2012,Winter,18.4,21.4,0.01,45.41,13.82,46.26,18.447,3.557,115.0,18.371,19.203073947038085,-0.756073947038086
Bhiwapur,2013,Pre-Monsoon,50.5,33.3,0.03,48.4,12.89,43.63,19.283,3.169,18.4,18.447,19.190478937282837,0.09252106271716443
Bhiwapur,2013,Monsoon,482.3,28.1,0.62,47.57,14.4,45.57,16.539,3.196,50.5,19.283,17.76445919601622,-1.2254591960162173
Bhiwapur,2013,Post-Monsoon,135.6,25.1,0.169,44.45,12.74,45.83,16.815,2.951,482.3,16.539,18.285863053940766,-1.4708630539407643
Bhiwapur,2013,Winter,13.6,20.5,0.014,42.73,14.51,45.22,19.067,3.216,135.6,16.815,19.21989758432615,-0.1528975843261513
Bhiwapur,2014,Pre-Monsoon,61.8,32.4,0.092,43.24,15.03,45.17,18.185,2.982,13.6,19.067,19.161944400209652,-0.9769444002096535
Bhiwapur,2014,Monsoon,710.6,28.5,0.927,46.18,15.95,45.29,14.688,3.196,61.8,18.185,15.550354997634315,-0.8623549976343146
Bhiwapur,2014,Post-Monsoon,55.6,24.5,0.083,42.12,14.54,48.28,19.181,3.021,710.6,14.688,19.14320205948363,0.03779794051636998
Bhiwapur,2014,Winter,16.0,20.9,0.023,45.14,15.78,44.21,18.769,3.099,55.6,19.181,19.219687293060964,-0.450687293060966
Bhiwapur,2015,Pre-Monsoon,77.9,35.5,0.083,48.42,14.77,45.29,18.522,4.046,16.0,18.769,19.150480638872057,-0.628480638872059
Bhiwapur,2015,Monsoon,718.9,27.9,0.843,48.13,13.34,45.17,15.334,3.312,77.9,18.522,15.979610930434143,-0.6456109304341435
Bhiwapur,2015,Post-Monsoon,150.2,24.8,0.172,50.5,14.4,42.74,17.076,3.367,718.9,15.334,18.269893930659546,-1.193893930659545
Bhiwapur,2015,Winter,17.5,22.4,0.075,44.2,14.16,47.61,18.182,3.43,150.2,17.076,19.19036262314646,-1.0083626231464606
Bhiwapur,2016,Pre-Monsoon,56.3,34.1,0.072,47.95,14.0,45.89,18.771,3.422,17.5,18.182,19.19694001347301,-0.42594001347301
Bhiwapur,2016,Monsoon,674.3,24.6,0.81,46.61,13.74,51.35,15.199,3.536,56.3,18.771,16.08635334221065,-0.8873533422106501
Bhiwapur,2016,Post-Monsoon,113.9,24.4,0.135,44.64,14.32,40.87,18.006,3.678,674.3,15.199,18.729852791878468,-0.7238527918784676
Bhiwapur,2016,Winter,26.0,22.8,0.052,46.1,13.56,50.14,17.995,4.178,113.9,18.006,19.17692743382532,-1.1819274338253187
Bhiwapur,2017,Pre-Monsoon,87.1,33.8,0.148,53.24,13.82,46.69,16.523,3.258,26.0,17.995,18.674140128625186,-2.1511401286251868
Bhiwapur,2017,Monsoon,640.1,27.1,0.806,42.58,16.13,47.03,15.669,3.585,87.1,16.523,16.148370924228846,-0.47937092422884575
Bhiwapur,2017,Post-Monsoon,122.8,23.2,0.153,48.76,13.81,48.27,17.265,3.098,640.1,15.669,18.56341964348488,-1.2984196434848805
Bhiwapur,2017,Winter,17.6,20.5,0.008,51.86,14.8,48.1,18.82,3.804,122.8,17.265,19.217510736441895,-0.3975107364418946
Bhiwapur,2018,Pre-Monsoon,66.9,34.9,0.101,44.71,14.21,48.02,17.653,3.059,17.6,18.82,19.177425694391157,-1.5244256943911587
Bhiwapur,2018,Monsoon,432.8,26.7,0.532,46.48,15.17,47.45,17.696,3.437,66.9,17.653,18.229796172454108,-0.5337961724541067
Bhiwapur,2018,Post-Monsoon,130.8,24.2,0.159,45.15,14.98,46.67,17.188,3.01,432.8,17.696,18.343887486179227,-1.1558874861792283
Bhiwapur,2018,Winter,8.8,21.7,0.038,46.56,15.11,49.0,19.854,3.072,130.8,17.188,19.211477873728096,0.6425221262719027
Bhiwapur,2019,Pre-Monsoon,96.7,33.6,0.063,47.81,12.57,49.77,16.728,3.149,8.8,19.854,19.134999344690552,-2.4069993446905507
Bhiwapur,2019,Monsoon,775.9,24.7,0.918,48.87,14.58,48.43,14.065,3.618,96.7,16.728,15.389216876858457,-1.3242168768584577
Bhiwapur,2019,Post-Monsoon,129.3,26.3,0.166,45.22,15.83,48.34,17.967,3.813,775.9,14.065,18.386819026025584,-0.41981902602558563
Bhiwapur,2019,Winter,25.5,22.9,0.054,46.61,13.15,51.86,17.137,3.234,129.3,17.967,19.178520213803793,-2.0415202138037927
Bhiwapur,2020,Pre-Monsoon,46.0,33.4,0.072,46.92,15.47,52.52,19.91,3.995,25.5,17.137,19.171950335651008,0.738049664348992
Bhiwapur,2020,Monsoon,626.2,24.0,0.739,52.55,14.03,48.98,16.314,4.101,46.0,19.91,16.38280039356659,-0.0688003935665904
Bhiwapur,2020,Post-Monsoon,105.5,25.9,0.141,49.79,16.63,47.8,18.735,3.83,626.2,16.314,18.682929228307476,0.05207077169252372
Bhiwapur,2020,Winter,22.8,21.2,0.052,50.84,15.96,48.21,18.124,4.068,105.5,18.735,19.16958949276725,-1.0455894927672524
Bhiwapur,2021,Pre-Monsoon,47.4,34.2,0.0,49.24,16.79,50.11,18.975,2.828,22.8,18.124,19.22340328409081,-0.24840328409080925
Bhiwapur,2021,Monsoon,677.2,27.6,0.864,50.33,15.66,47.1,14.788,3.264,47.4,18.975,15.903336202729552,-1.1153362027295515
Bhiwapur,2021,Post-Monsoon,97.3,28.0,0.112,51.62,15.31,45.95,18.521,2.993,677.2,14.788,19.11251838864287,-0.5915183886428679
Bhiwapur,2021,Winter,19.5,21.3,0.002,45.44,15.02,48.55,18.47,3.754,97.3,18.521,19.19610133032393,-0.7261013303239316
Bhiwapur,2022,Pre-Monsoon,64.4,34.2,0.108,51.26,16.86,50.63,18.308,3.367,19.5,18.47,19.171511506176866,-0.8635115061768666
Bhiwapur,2022,Monsoon,695.7,27.6,0.873,50.08,17.56,49.91,15.542,3.983,64.4,18.308,15.863032230843828,-0.32103223084382826
Bhiwapur,2022,Post-Monsoon,115.6,25.2,0.098,56.31,16.49,52.19,19.635,4.102,695.7,15.542,19.03785795251076,0.5971420474892426
Bhiwapur,2022,Winter,18.4,19.7,0.011,50.45,15.48,47.57,19.099,3.736,115.6,19.635,19.200276117072416,-0.10127611707241613
Bhiwapur,2023,Pre-Monsoon,69.4,34.6,0.094,54.41,16.45,53.36,18.859,4.007,18.4,19.099,19.172823744669582,-0.3138237446695804
Bhiwapur,2023,Monsoon,887.5,26.4,1.107,53.6,15.71,49.67,13.149,3.664,69.4,18.859,13.711020625784784,-0.5620206257847844
Bhiwapur,2023,Post-Monsoon,107.0,26.3,0.17,54.02,13.72,53.29,18.516,3.915,887.5,13.149,18.63826305206317,-0.12226305206317178
Bhiwapur,2023,Winter,18.7,20.9,0.022,56.39,16.3,54.4,19.407,4.24,107.0,18.516,19.194177888577794,0.21282211142220575
Bhiwapur,2024,Pre-Monsoon,72.3,33.4,0.111,50.14,15.38,57.26,18.317,4.166,18.7,19.407,19.14166436716599,-0.8246643671659903
Bhiwapur,2024,Monsoon,607.0,26.9,0.71,53.02,15.48,51.33,16.602,3.887,72.3,18.317,16.493650106655405,0.10834989334459522
Bhiwapur,2024,Post-Monsoon,139.3,26.0,0.156,55.3,16.39,49.4,18.335,3.902,607.0,16.602,18.302091652951205,0.03290834704879586
Bhiwapur,2024,Winter,18.0,22.5,0.006,48.42,15.88,55.63,19.074,3.684,139.3,18.335,19.22102887519116,-0.14702887519115748
Hingna,2010,Monsoon,924.2,26.4,1.068,49.61,11.93,47.52,15.565,3.595,54.0,21.467,14.653417995339009,0.9115820046609908
Hingna,2010,Post-Monsoon,89.0,26.2,0.084,44.95,12.7,45.63,21.59,2.828,924.2,15.565,22.444686237216334,-0.8546862372163346
Hingna,2010,Winter,27.6,22.5,0.035,43.71,11.56,49.16,19.787,3.179,89.0,21.59,21.548672524731863,-1.761672524731864
Hingna,2011,Pre-Monsoon,58.0,32.1,0.051,51.28,11.42,50.31,21.571,3.52,27.6,19.787,22.4564675687239,-0.8854675687239002
Hingna,2011,Monsoon,838.7,27.7,0.922,50.55,12.02,49.34,16.984,3.33,58.0,21.571,16.38339888419718,0.6006011158028208
Hingna,2011,Post-Monsoon,96.2,25.2,0.091,46.84,13.89,52.35,22.876,4.2,838.7,16.984,22.42241482319518,0.4535851768048218
Hingna,2011,Winter,20.6,19.5,0.0,46.65,11.74,48.15,20.542,2.935,96.2,22.876,22.043792500473327,-1.501792500473325
Hingna,2012,Pre-Monsoon,46.2,37.7,0.039,50.76,12.2,56.85,23.183,3.735,20.6,20.542,23.014610692507006,0.16838930749299408
Hingna,2012,Monsoon,679.6,25.5,0.823,52.98,13.59,46.5,18.162,3.806,46.2,23.183,17.466419289383268,0.6955807106167313
Hingna,2012,Post-Monsoon,148.9,23.9,0.18,53.59,11.84,52.57,20.124,3.547,679.6,18.162,21.201119596789926,-1.0771195967899274
Hingna,2012,Winter,19.0,20.6,0.017,48.86,13.05,52.49,21.42,3.452,148.9,20.124,22.018993859847146,-0.5989938598471447
Hingna,2013,Pre-Monsoon,60.7,31.5,0.084,52.55,14.24,56.8,20.708,3.237,19.0,21.42,21.895943192845213,-1.1879431928452142
Hingna,2013,Monsoon,635.1,27.2,0.714,54.55,15.13,55.6,18.558,3.297,60.7,20.708,17.936130518187372,0.6218694818126274
Hingna,2013,Post-Monsoon,157.4,26.8,0.154,54.58,15.06,58.29,20.236,3.912,635.1,18.558,21.560212798868097,-1.3242127988680963
Hingna,2013,Winter,20.8,19.5,0.036,54.29,14.29,54.94,21.694,4.3,157.4,20.236,21.674818400464318,0.019181599535681215
Hingna,2014,Pre-Monsoon,51.2,34.0,0.085,50.07,13.59,51.11,21.814,3.255,20.8,21.694,22.519135488234724,-0.705135488234724
Hingna,2014,Monsoon,713.5,26.2,0.825,53.67,15.57,57.39,18.206,3.91,51.2,21.814,17.423467608848515,0.7825323911514843
Hingna,2014,Post-Monsoon,134.6,24.2,0.174,51.31,16.31,58.76,20.973,3.997,713.5,18.206,21.611344876991836,-0.6383448769918374
Hingna,2014,Winter,22.3,20.5,0.033,57.18,14.34,54.66,20.635,3.636,134.6,20.973,21.753020750447266,-1.1180207504472648
Hingna,2015,Pre-Monsoon,69.6,36.4,0.123,51.69,16.33,61.56,21.538,4.051,22.3,20.635,22.389093648076162,-0.8510936480761622
Hingna,2015,Monsoon,684.2,25.6,0.791,51.89,16.15,60.57,18.174,3.655,69.6,21.538,17.60080006480442,0.5731999351955785
Hingna,2015,Post-Monsoon,109.9,25.2,0.08,57.93,15.15,55.32,22.176,4.365,684.2,18.174,22.382232721463566,-0.20623272146356797
Hingna,2015,Winter,20.3,21.8,0.0,56.67,15.75,56.83,21.741,3.831,109.9,22.176,22.0803324227388,-0.33933242273879927
Hingna,2016,Pre-Monsoon,67.6,30.2,0.113,49.44,15.69,62.38,20.832,3.479,20.3,21.741,21.77852307918007,-0.9465230791800678
Hingna,2016,Monsoon,769.2,24.5,0.916,58.41,15.11,58.36,17.889,4.378,67.6,20.832,16.87327430976107,1.0157256902389307
Hingna,2016,Post-Monsoon,70.7,25.5,0.055,62.46,14.96,63.83,23.042,4.011,769.2,17.889,22.73463236058097,0.3073676394190308
Hingna,2016,Winter,16.0,19.3,0.021,54.9,14.13,58.87,21.513,3.721,70.7,23.042,22.064691383349707,-0.5516913833497057
Hingna,2017,Pre-Monsoon,47.5,36.6,0.056,61.32,15.23,59.99,22.989,3.953,16.0,21.513,22.988314188043756,0.0006858119562451748
Hingna,2017,Monsoon,474.5,26.6,0.527,61.08,16.37,60.95,20.848,4.118,47.5,22.989,20.850863603243432,-0.002863603243433488
Hingna,2017,Post-Monsoon,120.9,25.9,0.126,62.98,16.77,60.86,22.487,4.937,474.5,20.848,22.289093828841825,0.19790617115817355
Hingna,2017,Winter,23.1,18.5,0.033,65.31,17.5,62.05,21.524,4.586,120.9,22.487,21.721163756259063,-0.19716375625906224
Hingna,2018,Pre-Monsoon,49.8,33.6,0.063,60.29,16.91,60.03,23.279,4.489,23.1,21.524,22.95454364042471,0.32445635957529007
Hingna,2018,Monsoon,757.0,27.1,0.88,63.51,17.62,62.1,19.037,4.386,49.8,23.279,17.13482888869083,1.902171111309169
Hingna,2018,Post-Monsoon,130.8,26.3,0.108,65.96,17.62,60.65,22.433,4.766,757.0,19.037,22.14578724871247,0.2872127512875302
Hingna,2018,Winter,27.8,21.9,0.032,67.36,17.87,63.36,21.26,4.872,130.8,22.433,21.590946764276868,-0.33094676427686665
Hingna,2019,Pre-Monsoon,62.8,33.0,0.076,64.39,17.08,61.56,21.831,3.729,27.8,21.26,22.255530732858894,-0.4245307328588943
Hingna,2019,Monsoon,574.5,28.7,0.644,66.58,18.02,65.52,20.729,4.583,62.8,21.831,19.546119808671115,1.1828801913288842
Hingna,2019,Post-Monsoon,89.9,26.4,0.131,66.58,20.33,63.33,22.475,4.518,574.5,20.729,22.43521595277855,0.03978404722145257
Hingna,2019,Winter,22.3,21.1,0.0,66.9,17.19,68.13,23.02,4.846,89.9,22.475,22.0498522870046,0.9701477129953986
Hingna,2020,Pre-Monsoon,55.3,31.6,0.045,63.33,17.67,71.35,23.274,4.818,22.3,23.02,22.61480173691509,0.6591982630849103
Hingna,2020,Monsoon,627.4,28.3,0.718,68.2,18.92,66.19,19.298,4.253,55.3,23.274,17.952930729643754,1.3450692703562446
Hingna,2020,Post-Monsoon,118.8,24.3,0.135,66.77,16.96,64.76,22.328,4.766,627.4,19.298,22.073053155572556,0.25494684442744386
Hingna,2020,Winter,20.1,22.3,0.046,66.32,18.65,65.47,22.595,4.808,118.8,22.328,21.731551267247326,0.8634487327526728
Hingna,2021,Pre-Monsoon,63.8,35.1,0.076,70.97,20.69,66.84,23.086,5.525,20.1,22.595,22.64730180427799,0.43869819572200797
Hingna,2021,Monsoon,422.4,26.1,0.507,67.78,19.31,72.35,21.555,4.738,63.8,23.086,21.0031835142529,0.5518164857471
Hingna,2021,Post-Monsoon,127.6,26.6,0.174,69.21,20.31,68.2,22.254,5.037,422.4,21.555,21.856297428925178,0.39770257107482365
Hingna,2021,Winter,24.2,21.7,0.029,66.19,19.89,68.78,22.692,5.547,127.6,22.254,21.98000623887637,0.7119937611236296
Hingna,2022,Pre-Monsoon,66.0,35.4,0.079,77.64,20.14,71.47,22.961,5.25,24.2,22.692,22.601207646509827,0.359792353490171
Hingna,2022,Monsoon,772.7,27.4,0.924,70.34,20.19,77.42,18.967,5.006,66.0,22.961,16.89179269573843,2.0752073042615677
Hingna,2022,Post-Monsoon,89.8,27.2,0.092,71.01,20.46,72.49,23.129,4.84,772.7,18.967,22.467476349212678,0.6615236507873234
Hingna,2022,Winter,23.4,21.4,0.003,72.66,19.78,69.35,22.571,5.507,89.8,23.129,22.02824504530186,0.5427549546981432
Hingna,2023,Pre-Monsoon,67.9,35.6,0.162,67.5,20.49,70.92,21.966,4.687,23.4,22.571,21.98653003989527,-0.020530039895270136
Hingna,2023,Monsoon,470.6,27.4,0.541,74.08,21.73,73.97,22.708,6.012,67.9,21.966,20.858647150994077,1.8493528490059212
Hingna,2023,Post-Monsoon,72.7,24.7,0.031,72.68,21.1,71.29,24.95,5.401,470.6,22.708,22.942028631910684,2.007971368089315
Hingna,2023,Winter,15.5,19.7,0.019,73.15,19.37,72.01,23.441,5.098,72.7,24.95,22.07570441591273,1.3652955840872707
Hingna,2024,Pre-Monsoon,52.0,33.8,0.062,76.45,23.01,73.53,24.14,5.658,15.5,23.441,22.986543795186613,1.1534562048133878
Hingna,2024,Monsoon,559.2,28.0,0.671,78.51,23.71,72.1,21.511,5.616,52.0,24.14,19.815306937888497,1.695693062111502
Hingna,2024,Post-Monsoon,103.0,24.1,0.121,72.33,22.01,72.29,22.994,5.369,559.2,21.511,22.37439541557181,0.6196045844281883
Hingna,2024,Winter,22.7,23.8,0.034,76.09,20.85,71.05,22.864,5.058,103.0,22.994,22.094127744183908,0.7698722558160931
Kalmeshwar,2010,Monsoon,376.6,25.6,0.376,54.12,21.41,29.97,19.866,3.47,37.6,21.253,19.194398410487928,0.6716015895120719
Kalmeshwar,2010,Post-Monsoon,85.3,24.3,0.094,45.76,21.41,25.31,20.38,3.246,376.6,19.866,20.28399130209689,0.09600869790310895
Kalmeshwar,2010,Winter,20.8,22.6,0.0,49.3,20.11,27.53,19.56,3.265,85.3,20.38,20.281989481232937,-0.7219894812329386
Kalmeshwar,2011,Pre-Monsoon,41.8,31.0,0.009,51.93,19.82,25.97,21.558,3.335,20.8,19.56,20.374349852262153,1.183650147737847
Kalmeshwar,2011,Monsoon,736.9,27.9,0.665,49.35,19.8,35.5,16.598,3.311,41.8,21.558,17.670039944979813,-1.0720399449798137
Kalmeshwar,2011,Post-Monsoon,83.1,27.8,0.153,48.62,20.1,23.8,20.28,3.289,736.9,16.598,19.81849062246099,0.4615093775390129
Kalmeshwar,2011,Winter,21.2,21.5,0.03,49.1,20.32,31.05,19.956,3.825,83.1,20.28,20.230634806132233,-0.2746348061322337
Kalmeshwar,2012,Pre-Monsoon,38.8,32.1,0.015,47.8,22.49,31.09,22.001,3.763,21.2,19.956,20.38309369369236,1.617906306307642
Kalmeshwar,2012,Monsoon,832.2,27.6,0.804,55.41,21.85,29.46,16.516,4.051,38.8,22.001,16.53928404318823,-0.023284043188230186
Kalmeshwar,2012,Post-Monsoon,122.8,27.7,0.059,50.8,21.7,28.4,20.654,3.628,832.2,16.516,20.162248951918446,0.4917510480815537
Kalmeshwar,2012,Winter,19.6,18.4,0.0,53.92,21.11,28.14,20.779,4.119,122.8,20.654,20.230634806132233,0.5483651938677667
Kalmeshwar,2013,Pre-Monsoon,52.8,33.7,0.027,48.9,21.02,29.5,20.128,3.093,19.6,20.779,20.379249049926457,-0.25124904992645725
Kalmeshwar,2013,Monsoon,702.3,29.2,0.657,52.77,22.37,30.41,18.16,4.03,52.8,20.128,17.822428652538783,0.33757134746121764
Kalmeshwar,2013,Post-Monsoon,107.6,25.5,0.063,49.47,21.44,28.23,20.74,3.941,702.3,18.16,20.303829587497884,0.43617041250211486
Kalmeshwar,2013,Winter,20.9,19.7,0.011,49.82,22.66,29.35,20.031,3.616,107.6,20.74,20.230634806132233,-0.1996348061322344
Kalmeshwar,2014,Pre-Monsoon,45.5,34.3,0.071,53.63,24.62,35.44,21.404,3.968,20.9,20.031,20.390591682127294,1.013408317872706
Kalmeshwar,2014,Monsoon,540.5,28.5,0.532,53.57,23.07,36.18,19.148,3.949,45.5,21.404,18.934774929618253,0.2132250703817462
Kalmeshwar,2014,Post-Monsoon,143.4,25.6,0.138,53.39,22.74,28.48,18.644,3.537,540.5,19.148,19.244913223094603,-0.6009132230946044
Kalmeshwar,2014,Winter,17.1,21.8,0.011,53.39,21.16,30.72,20.906,3.931,143.4,18.644,20.23692578617155,0.6690742138284484
Kalmeshwar,2015,Pre-Monsoon,63.9,36.9,0.061,51.64,22.53,32.93,20.526,3.808,17.1,20.906,20.360453895871814,0.16554610412818604
Kalmeshwar,2015,Monsoon,535.5,26.8,0.511,52.03,22.53,32.85,19.198,3.8,63.9,20.526,19.045629783250728,0.1523702167492722
Kalmeshwar,2015,Post-Monsoon,100.1,26.7,0.108,56.32,23.42,34.17,20.866,4.133,535.5,19.198,20.297347280232685,0.5686527197673144
Kalmeshwar,2015,Winter,16.3,20.2,0.021,54.97,21.88,32.51,20.035,3.222,100.1,20.866,20.230634806132233,-0.19563480613223305
Kalmeshwar,2016,Pre-Monsoon,55.0,33.8,0.096,51.0,22.2,26.99,20.326,3.538,16.3,20.035,20.37254428259502,-0.046544282595018416
Kalmeshwar,2016,Monsoon,812.0,28.1,0.785,53.53,24.05,33.47,16.137,3.471,55.0,20.326,16.64600050911766,-0.5090005091176586
Kalmeshwar,2016,Post-Monsoon,144.9,29.0,0.142,52.35,21.84,34.9,19.175,4.006,812.0,16.137,19.133513856082757,0.04148614391724337
Kalmeshwar,2016,Winter,22.6,20.7,0.039,55.16,22.25,38.15,20.018,4.261,144.9,19.175,20.230634806132233,-0.2126348061322325
Kalmeshwar,2017,Pre-Monsoon,74.5,35.9,0.073,57.24,23.91,32.74,20.12,3.85,22.6,20.018,20.321225680799827,-0.20122568079982628
Kalmeshwar,2017,Monsoon,801.8,28.3,0.752,53.36,22.7,36.18,16.868,4.06,74.5,20.12,16.78140358788589,0.08659641211410829
Kalmeshwar,2017,Post-Monsoon,113.9,27.3,0.101,54.92,22.37,36.89,20.385,4.107,801.8,16.868,20.203587220503163,0.18141277949683854
Kalmeshwar,2017,Winter,14.9,20.2,0.056,56.17,22.34,35.11,21.916,5.045,113.9,20.385,20.230634806132233,1.6853651938677672
Kalmeshwar,2018,Pre-Monsoon,55.9,35.8,0.0,56.76,25.66,34.89,21.022,4.105,14.9,21.916,20.396206676171023,0.6257933238289759
Kalmeshwar,2018,Monsoon,684.0,25.9,0.639,54.8,24.03,38.52,18.466,4.267,55.9,21.022,17.816201972592136,0.649798027407865
Kalmeshwar,2018,Post-Monsoon,84.5,26.7,0.041,55.8,23.97,32.33,21.164,4.01,684.0,18.466,20.307348201323414,0.8566517986765874
Kalmeshwar,2018,Winter,24.5,21.8,0.026,54.24,22.6,33.9,19.797,4.033,84.5,21.164,20.23692578617155,-0.43992578617154976
Kalmeshwar,2019,Pre-Monsoon,51.8,35.6,0.052,53.15,26.35,35.93,21.709,4.279,24.5,19.797,20.38522479763023,1.3237752023697702
Kalmeshwar,2019,Monsoon,572.6,29.8,0.582,59.87,24.57,33.5,19.175,3.986,51.8,21.709,18.53524112842993,0.6397588715700699
Kalmeshwar,2019,Post-Monsoon,75.6,23.3,0.082,54.97,22.0,37.36,22.24,4.408,572.6,19.175,20.2720383979869,1.9679616020130979
Kalmeshwar,2019,Winter,19.1,22.2,0.052,56.37,24.02,36.76,20.641,4.11,75.6,22.24,20.271160208018898,0.36983979198110006
Kalmeshwar,2020,Pre-Monsoon,62.6,35.8,0.097,59.75,26.03,35.87,21.565,4.533,19.1,20.641,20.35374912854038,1.2112508714596224
Kalmeshwar,2020,Monsoon,487.2,26.1,0.482,59.51,26.26,35.16,20.417,4.711,62.6,21.565,19.174146790849967,1.2428532091500344
Kalmeshwar,2020,Post-Monsoon,99.9,27.8,0.133,60.12,24.52,37.4,21.21,4.515,487.2,20.417,20.282266912004467,0.9277330879955343
Kalmeshwar,2020,Winter,15.5,19.6,0.0,58.99,24.28,37.37,21.213,4.081,99.9,21.21,20.230634806132233,0.9823651938677678
Kalmeshwar,2021,Pre-Monsoon,53.9,33.4,0.066,53.73,23.84,40.11,21.079,4.449,15.5,21.213,20.383489599416997,0.6955104005830037
Kalmeshwar,2021,Monsoon,580.4,27.4,0.593,57.84,25.5,35.98,18.585,4.034,53.9,21.079,18.200104363713773,0.38489563628622747
Kalmeshwar,2021,Post-Monsoon,148.0,25.8,0.105,55.99,25.03,42.27,19.812,4.191,580.4,18.585,19.64950186869034,0.16249813130966118
Kalmeshwar,2021,Winter,18.0,20.5,0.0,63.46,22.09,39.65,20.779,4.217,148.0,19.812,20.230634806132233,0.5483651938677667
Kalmeshwar,2022,Pre-Monsoon,51.9,33.1,0.046,61.4,24.51,34.55,21.708,4.695,18.0,20.779,20.38309369369236,1.3249063063076392
Kalmeshwar,2022,Monsoon,731.2,26.7,0.685,65.19,24.77,37.38,18.143,4.299,51.9,21.708,17.58744775510578,0.5555522448942192
Kalmeshwar,2022,Post-Monsoon,125.3,26.0,0.129,66.43,25.29,32.54,20.592,4.505,731.2,18.143,20.147624190687015,0.4443758093129837
Kalmeshwar,2022,Winter,22.2,21.3,0.021,60.0,25.57,37.13,21.057,5.284,125.3,20.592,20.230634806132233,0.8263651938677654
Kalmeshwar,2023,Pre-Monsoon,61.9,32.1,0.063,58.28,24.83,41.93,21.266,4.539,22.2,21.057,20.35752277025322,0.9084772297467794
Kalmeshwar,2023,Monsoon,904.4,25.5,0.918,64.14,25.85,37.18,16.216,4.398,61.9,21.266,15.560977191046282,0.6550228089537189
Kalmeshwar,2023,Post-Monsoon,117.9,23.3,0.147,60.83,24.79,37.91,20.179,4.107,904.4,16.216,19.688720077604195,0.4902799223958034
Kalmeshwar,2023,Winter,22.7,21.7,0.016,57.63,25.37,35.65,19.732,4.027,117.9,20.179,20.23692578617155,-0.504925786171551
Kalmeshwar,2024,Pre-Monsoon,54.7,33.4,0.111,63.05,25.94,39.22,20.584,3.891,22.7,19.732,20.362314727049505,0.221685272950495
Kalmeshwar,2024,Monsoon,696.9,26.8,0.668,64.2,24.04,38.67,18.514,4.995,54.7,20.584,17.72875327555727,0.7852467244427288
Kalmeshwar,2024,Post-Monsoon,65.8,24.0,0.059,60.58,24.27,45.0,22.369,4.619,696.9,18.514,20.31804110032149,2.050958899678509
Kalmeshwar,2024,Winter,22.4,20.5,0.013,63.83,23.97,44.13,20.95,4.939,65.8,22.369,20.230634806132233,0.7193651938677661
Kamptee,2010,Monsoon,929.0,26.5,1.156,32.07,7.64,34.12,12.133,2.238,30.5,19.675,13.464526872423876,-1.3315268724238774
Kamptee,2010,Post-Monsoon,103.8,26.2,0.141,36.77,8.22,36.55,18.383,2.701,929.0,12.133,18.579909772675006,-0.19690977267500642
Kamptee,2010,Winter,12.9,20.6,0.027,37.36,9.4,38.24,19.523,2.56,103.8,18.383,19.073153393393845,0.4498466066061546
Kamptee,2011,Pre-Monsoon,82.9,36.5,0.067,33.25,11.21,32.23,17.151,2.335,12.9,19.523,19.206429119446014,-2.055429119446014
Kamptee,2011,Monsoon,614.3,26.2,0.751,33.9,8.85,40.58,16.069,2.795,82.9,17.151,16.876789125198457,-0.8077891251984575
Kamptee,2011,Post-Monsoon,111.6,25.1,0.061,31.9,7.91,29.25,18.23,2.574,614.3,16.069,18.977489593803135,-0.7474895938031345
Kamptee,2011,Winter,26.2,21.5,0.056,33.33,10.25,36.7,17.195,2.683,111.6,18.23,19.065979059592237,-1.870979059592237
Kamptee,2012,Pre-Monsoon,54.6,32.5,0.033,36.81,10.23,33.36,19.245,2.741,26.2,17.195,19.22861087321567,0.016389126784332575
Kamptee,2012,Monsoon,852.0,28.7,1.04,41.6,9.37,37.95,13.744,2.654,54.6,19.245,14.383267622375016,-0.6392676223750158
Kamptee,2012,Post-Monsoon,120.7,24.0,0.181,41.1,9.11,36.09,17.529,2.518,852.0,13.744,18.441437043328825,-0.9124370433288256
Kamptee,2012,Winter,19.5,23.3,0.01,39.55,10.0,37.33,18.531,2.716,120.7,17.529,19.110891517873558,-0.5798915178735591
Kamptee,2013,Pre-Monsoon,47.5,34.9,0.079,38.84,11.62,39.42,19.647,2.957,19.5,18.531,19.283027955234925,0.36397204476507383
Kamptee,2013,Monsoon,658.5,26.2,0.876,38.16,9.87,38.78,14.058,2.099,47.5,19.647,16.090594761606763,-2.032594761606763
Kamptee,2013,Post-Monsoon,121.2,26.3,0.112,36.99,12.09,37.86,18.258,2.646,658.5,14.058,18.96841491274042,-0.710414912740422
Kamptee,2013,Winter,11.2,21.3,0.039,32.34,9.42,32.91,19.095,2.371,121.2,18.258,19.072067698949397,0.022932301050602177
Kamptee,2014,Pre-Monsoon,25.6,34.8,0.055,36.83,7.78,33.77,19.878,1.598,11.2,19.095,19.30652016952064,0.5714798304793618
Kamptee,2014,Monsoon,475.9,28.0,0.577,38.79,10.83,40.85,17.515,2.937,25.6,19.878,18.050085149174716,-0.5350851491747157
Kamptee,2014,Post-Monsoon,151.0,25.0,0.173,37.51,8.7,36.84,17.419,2.66,475.9,17.515,18.217221827019298,-0.7982218270192973
Kamptee,2014,Winter,18.9,22.0,0.0,34.35,11.14,36.94,19.269,3.168,151.0,17.419,19.088130683974992,0.18086931602500655
Kamptee,2015,Pre-Monsoon,66.2,37.5,0.077,35.7,10.87,37.82,18.211,2.349,18.9,19.269,19.257707317941218,-1.0467073179412196
Kamptee,2015,Monsoon,726.6,26.0,0.94,37.77,10.19,38.13,14.401,2.802,66.2,18.211,15.011415412670674,-0.6104154126706742
Kamptee,2015,Post-Monsoon,136.3,25.5,0.156,36.86,10.19,35.78,17.302,2.097,726.6,14.401,18.24554608798176,-0.9435460879817619
Kamptee,2015,Winter,18.0,21.5,0.0,42.08,11.69,39.13,18.941,3.206,136.3,17.302,19.088130683974992,-0.14713068397499285
Kamptee,2016,Pre-Monsoon,40.9,34.0,0.062,40.28,10.8,37.92,20.691,3.184,18.0,18.941,19.30191051872699,1.3890894812730075
Kamptee,2016,Monsoon,603.5,26.8,0.705,38.89,11.87,34.47,16.038,2.488,40.9,20.691,17.11967568346346,-1.0816756834634589
Kamptee,2016,Post-Monsoon,164.2,25.3,0.22,33.0,12.49,38.7,16.818,2.851,603.5,16.038,18.213375171419568,-1.3953751714195661
Kamptee,2016,Winter,26.2,20.6,0.027,37.13,10.05,38.93,17.671,2.876,164.2,16.818,19.06623328181446,-1.395233281814459
Kamptee,2017,Pre-Monsoon,67.5,33.5,0.152,34.42,12.07,41.07,18.628,3.419,26.2,17.671,18.704538390109615,-0.07653839010961505
Kamptee,2017,Monsoon,784.8,27.0,0.979,38.5,11.2,41.16,14.16,2.569,67.5,18.628,14.580623861849462,-0.420623861849462
Kamptee,2017,Post-Monsoon,143.5,26.9,0.203,38.31,9.88,35.48,16.982,2.714,784.8,14.16,18.222685649372277,-1.2406856493722778
Kamptee,2017,Winter,18.1,17.2,0.0,42.49,10.14,38.56,18.829,3.298,143.5,16.982,19.087311572863882,-0.2583115728638816
Kamptee,2018,Pre-Monsoon,64.7,37.0,0.127,38.72,10.39,37.3,18.665,2.693,18.1,18.829,19.253785429117894,-0.5887854291178947
Kamptee,2018,Monsoon,878.1,26.9,1.172,39.91,12.77,39.01,13.302,2.726,64.7,18.665,13.557059382128058,-0.25505938212805823
Kamptee,2018,Post-Monsoon,130.6,27.3,0.165,35.78,9.63,34.55,17.283,2.554,878.1,13.302,18.26541918834373,-0.9824191883437301
Kamptee,2018,Winter,19.3,18.1,0.019,39.15,13.08,34.47,18.919,3.356,130.6,17.283,19.07875610336116,-0.1597561033611612
Kamptee,2019,Pre-Monsoon,66.2,34.1,0.093,42.49,10.36,40.78,18.438,3.022,19.3,18.919,19.257707317941218,-0.8197073179412193
Kamptee,2019,Monsoon,547.1,27.0,0.668,36.94,10.81,35.82,16.276,2.313,66.2,18.438,17.847500477885553,-1.5715004778855537
Kamptee,2019,Post-Monsoon,92.6,25.3,0.098,44.13,11.5,38.05,18.779,2.363,547.1,16.276,19.04918744474005,-0.2701874447400492
Kamptee,2019,Winter,29.3,21.2,0.039,41.8,12.06,33.59,16.743,2.921,92.6,18.779,19.065361198481128,-2.322361198481129
Kamptee,2020,Pre-Monsoon,79.9,33.6,0.042,36.86,8.6,38.46,17.649,2.448,29.3,16.743,19.171251729572614,-1.5222517295726128
Kamptee,2020,Monsoon,818.8,26.8,0.964,42.52,11.9,39.82,14.329,2.649,79.9,17.649,14.505121994797467,-0.17612199479746593
Kamptee,2020,Post-Monsoon,90.0,27.0,0.062,37.88,12.86,38.39,19.729,2.936,818.8,14.329,19.051083576372008,0.6779164236279911
Kamptee,2020,Winter,25.5,20.7,0.0,38.26,11.9,40.03,17.181,2.636,90.0,19.729,19.080498266840056,-1.8994982668400553
Kamptee,2021,Pre-Monsoon,57.9,32.2,0.054,39.0,12.3,41.53,19.014,2.816,25.5,17.181,19.224616419592607,-0.21061641959260768
Kamptee,2021,Monsoon,509.8,25.5,0.612,39.28,10.36,39.91,16.708,2.319,57.9,19.014,17.898504385144985,-1.1905043851449868
Kamptee,2021,Post-Monsoon,111.2,26.4,0.139,36.82,10.26,39.58,18.006,2.032,509.8,16.708,18.616733141417754,-0.6107331414177537
Kamptee,2021,Winter,24.3,20.8,0.047,39.07,11.41,35.46,17.396,3.044,111.2,18.006,19.065266754036685,-1.6692667540366841
Kamptee,2022,Pre-Monsoon,52.2,32.2,0.023,41.18,10.98,40.92,19.769,3.014,24.3,17.396,19.286879484689525,0.4821205153104735
Kamptee,2022,Monsoon,903.1,25.6,1.133,45.1,12.97,36.42,13.729,3.492,52.2,19.769,13.508032802101605,0.22096719789839447
Kamptee,2022,Post-Monsoon,122.6,25.7,0.142,42.56,11.45,39.86,18.173,2.771,903.1,13.729,18.459234959540918,-0.28623495954091993
Kamptee,2022,Winter,32.6,18.7,0.051,39.42,12.28,40.09,17.032,3.271,122.6,18.173,19.065159948481128,-2.033159948481128
Kamptee,2023,Pre-Monsoon,77.4,31.0,0.145,43.34,12.97,37.38,17.706,3.086,32.6,17.032,18.638385496844833,-0.9323854968448337
Kamptee,2023,Monsoon,666.3,28.4,0.784,45.13,11.9,39.93,15.817,3.243,77.4,17.706,16.76369475151989,-0.9466947515198889
Kamptee,2023,Post-Monsoon,110.8,26.8,0.094,42.37,11.77,43.36,18.73,2.848,666.3,15.817,19.03628709782818,-0.30628709782817864
Kamptee,2023,Winter,26.4,21.7,0.022,41.5,10.32,41.41,17.452,3.125,110.8,18.73,19.072868714004006,-1.6208687140040041
Kamptee,2024,Pre-Monsoon,94.0,32.6,0.115,48.12,13.26,39.16,17.52,3.264,26.4,17.452,19.136747749981364,-1.6167477499813643
Kamptee,2024,Monsoon,536.1,26.9,0.625,43.13,12.52,40.33,17.062,3.364,94.0,17.52,17.863975104567235,-0.8019751045672336
Kamptee,2024,Post-Monsoon,102.7,25.6,0.084,39.65,11.53,43.97,19.101,3.151,536.1,17.062,19.051083576372008,0.04991642362799098
Kamptee,2024,Winter,21.8,20.8,0.054,41.12,10.5,37.44,17.596,2.443,102.7,19.101,19.065266754036685,-1.4692667540366848
Katol,2010,Monsoon,548.2,24.9,0.469,36.17,7.04,17.81,18.278,2.247,57.0,19.926,19.003321627415314,-0.7253216274153154
Katol,2010,Post-Monsoon,147.1,24.5,0.142,37.08,6.96,21.78,17.511,1.915,548.2,18.278,19.103486500838436,-1.5924865008384366
Katol,2010,Winter,18.9,21.6,0.041,38.16,5.66,15.78,19.296,2.116,147.1,17.511,20.19322822700872,-0.8972282270087213
Katol,2011,Pre-Monsoon,65.7,35.2,0.063,28.77,5.17,26.58,18.55,1.254,18.9,19.296,20.319973190920845,-1.7699731909208438
Katol,2011,Monsoon,657.1,28.4,0.598,39.34,6.81,23.61,18.329,2.549,65.7,18.55,17.930919404187055,0.39808059581294586
Katol,2011,Post-Monsoon,126.6,27.5,0.15,36.68,7.61,24.19,19.465,1.999,657.1,18.329,19.509642899934995,-0.044642899934995484
Katol,2011,Winter,17.8,20.4,0.0,29.68,6.01,22.79,19.868,2.436,126.6,19.465,20.19322822700872,-0.3252282270087221
Katol,2012,Pre-Monsoon,77.0,34.3,0.094,40.43,8.39,23.47,19.323,2.498,17.8,19.868,20.29288001187953,-0.9698800118795283
Katol,2012,Monsoon,692.5,29.9,0.613,40.85,8.27,26.18,16.797,1.735,77.0,19.323,17.768505318972004,-0.9715053189720031
Katol,2012,Post-Monsoon,57.2,27.9,0.056,42.59,6.11,19.45,21.254,2.237,692.5,16.797,20.31075978108218,0.943240218917822
Katol,2012,Winter,19.5,24.6,0.042,42.74,7.86,27.03,19.196,1.892,57.2,21.254,20.27106454437085,-1.07506454437085
Katol,2013,Pre-Monsoon,67.8,32.7,0.056,39.15,9.09,26.67,20.037,2.635,19.5,19.196,20.314429337841215,-0.27742933784121604
Katol,2013,Monsoon,694.7,25.5,0.558,41.67,7.91,27.82,18.402,2.961,67.8,20.037,17.919018793719943,0.4829812062800585
Katol,2013,Post-Monsoon,116.4,26.6,0.18,45.66,8.71,23.83,19.525,2.834,694.7,18.402,19.647868294303123,-0.12286829430312451
Katol,2013,Winter,18.2,20.9,0.064,40.16,5.15,26.06,19.342,2.248,116.4,19.525,20.19322822700872,-0.8512282270087219
Katol,2014,Pre-Monsoon,57.9,35.0,0.006,41.3,8.84,24.73,20.312,2.671,18.2,19.342,20.33439866339787,-0.022398663397869
Katol,2014,Monsoon,639.5,24.5,0.595,37.87,8.47,24.05,16.996,2.182,57.9,20.312,17.886124000159345,-0.8901240001593465
Katol,2014,Post-Monsoon,101.8,26.8,0.078,45.79,8.44,24.52,19.581,2.105,639.5,16.996,20.269415020687212,-0.6884150206872128
Katol,2014,Winter,18.0,17.9,0.0,40.15,9.73,22.01,19.812,2.762,101.8,19.581,20.19322822700872,-0.3812282270087195
Katol,2015,Pre-Monsoon,50.7,33.2,0.064,37.5,6.87,27.03,20.601,2.134,18.0,19.812,20.34261298874139,0.2583870112586091
Katol,2015,Monsoon,788.9,29.7,0.69,44.43,10.55,23.93,16.915,2.361,50.7,20.601,17.167870538923783,-0.2528705389237835
Katol,2015,Post-Monsoon,112.2,24.8,0.071,45.31,9.72,27.41,20.267,2.889,788.9,16.915,20.159452272134896,0.10754772786510358
Katol,2015,Winter,23.4,22.1,0.099,43.35,8.27,29.66,19.066,2.446,112.2,20.267,20.199519207048038,-1.1335192070480389
Katol,2016,Pre-Monsoon,64.5,32.9,0.046,46.38,10.29,27.69,19.212,2.22,23.4,19.066,20.30967270319264,-1.0976727031926394
Katol,2016,Monsoon,444.8,26.8,0.363,44.0,8.52,28.1,20.188,2.812,64.5,19.212,19.197064651342636,0.9909353486573629
Katol,2016,Post-Monsoon,109.3,25.4,0.108,47.86,8.39,29.29,19.639,2.828,444.8,20.188,20.258363086800884,-0.6193630868008846
Katol,2016,Winter,19.1,23.4,0.0,46.76,9.26,28.95,20.283,2.804,109.3,19.639,20.252966097624423,0.030033902375578236
Katol,2017,Pre-Monsoon,77.8,34.0,0.094,45.64,10.63,28.76,20.391,3.474,19.1,20.283,20.29288001187953,0.09811998812046951
Katol,2017,Monsoon,345.8,26.3,0.347,49.4,10.12,33.19,21.028,3.365,77.8,20.391,19.18697472496251,1.841025275037488
Katol,2017,Post-Monsoon,162.3,26.5,0.173,46.82,9.27,34.93,18.976,3.135,345.8,21.028,19.06506417132762,-0.08906417132762101
Katol,2017,Winter,16.5,21.0,0.058,49.41,8.16,30.13,20.767,2.757,162.3,18.976,20.19322822700872,0.5737717729912788
Katol,2018,Pre-Monsoon,87.0,34.9,0.076,48.26,11.52,30.78,19.748,3.158,16.5,20.767,20.29288001187953,-0.5448800118795276
Katol,2018,Monsoon,688.2,26.8,0.649,46.78,8.82,33.67,17.921,2.984,87.0,19.748,17.764270537954992,0.15672946204500704
Katol,2018,Post-Monsoon,110.5,27.0,0.098,47.91,10.13,37.18,20.155,3.178,688.2,17.921,20.266180297057613,-0.11118029705761145
Katol,2018,Winter,19.2,20.4,0.0,50.54,10.06,26.88,20.901,3.341,110.5,20.155,20.19322822700872,0.7077717729912791
Katol,2019,Pre-Monsoon,66.7,34.1,0.1,56.05,12.14,31.25,20.68,3.447,19.2,20.901,20.319973190920845,0.3600268090791552
Katol,2019,Monsoon,706.9,30.0,0.653,55.42,11.19,33.42,17.965,3.035,66.7,20.68,17.772345755287514,0.19265424471248593
Katol,2019,Post-Monsoon,153.0,27.8,0.108,53.9,10.92,34.45,19.991,3.529,706.9,17.965,19.61278088500878,0.37821911499121796
Katol,2019,Winter,27.0,21.4,0.043,48.5,13.17,34.77,18.944,2.701,153.0,19.991,20.19322822700872,-1.2492282270087216
Katol,2020,Pre-Monsoon,76.1,34.4,0.011,55.74,11.04,38.59,20.509,3.446,27.0,18.944,20.288674762244995,0.2203252377550058
Katol,2020,Monsoon,505.1,25.7,0.447,55.11,10.25,30.9,19.564,2.981,76.1,20.509,19.14239050496749,0.42160949503250933
Katol,2020,Post-Monsoon,69.8,25.1,0.062,55.42,10.81,39.21,21.471,3.167,505.1,19.564,20.290937828916775,1.1800621710832253
Katol,2020,Winter,21.6,20.3,0.015,56.69,13.05,33.02,20.365,3.454,69.8,21.471,20.19322822700872,0.17177177299127777
Katol,2021,Pre-Monsoon,62.0,34.0,0.09,57.88,11.82,36.0,20.901,3.279,21.6,20.365,20.322585918381876,0.5784140816181242
Katol,2021,Monsoon,639.6,25.7,0.545,58.6,11.99,40.63,18.91,3.671,62.0,20.901,18.068930537619583,0.8410694623804176
Katol,2021,Post-Monsoon,97.7,23.5,0.126,51.78,12.13,35.07,20.463,2.956,639.6,18.91,20.23640529319052,0.22659470680948246
Katol,2021,Winter,22.0,19.7,0.0,53.22,10.72,35.48,20.021,3.096,97.7,20.463,20.19322822700872,-0.17222822700871987
Katol,2022,Pre-Monsoon,62.1,33.1,0.076,60.2,12.26,39.21,21.135,3.736,22.0,20.021,20.31704206530225,0.8179579346977519
Katol,2022,Monsoon,736.2,24.7,0.674,59.59,12.5,40.49,17.381,3.2,62.1,21.135,17.550067249925714,-0.16906724992571398
Katol,2022,Post-Monsoon,69.9,25.7,0.101,50.16,11.44,35.42,21.37,3.041,736.2,17.381,20.295710737266063,1.074289262733938
Katol,2022,Winter,24.9,21.6,0.027,57.07,11.86,40.14,19.931,3.762,69.9,21.37,20.19322822700872,-0.2622282270087197
Katol,2023,Pre-Monsoon,65.5,33.8,0.071,48.93,13.59,39.18,20.856,3.524,24.9,19.931,20.30967270319264,0.5463272968073625
Katol,2023,Monsoon,503.5,26.8,0.454,57.86,13.45,42.06,19.87,3.726,65.5,20.856,19.162179294858184,0.7078207051418168
Katol,2023,Post-Monsoon,72.4,26.2,0.047,56.41,12.39,39.04,22.103,3.119,503.5,19.87,20.283725687668625,1.8192743123313768
Katol,2023,Winter,14.8,23.2,0.0,57.44,12.89,37.1,22.366,4.263,72.4,22.103,20.252966097624423,2.1130339023755766
Katol,2024,Pre-Monsoon,48.7,34.8,0.019,53.82,14.88,43.83,22.218,3.512,14.8,22.366,20.359570614985955,1.8584293850140448
Katol,2024,Monsoon,727.6,27.5,0.641,54.29,13.97,43.63,18.169,3.803,48.7,22.218,17.76646032272633,0.4025396772736691
Katol,2024,Post-Monsoon,137.3,27.1,0.102,54.3,13.33,43.15,19.948,3.355,727.6,18.169,19.64018503919164,0.30781496080836135
Katol,2024,Winter,28.2,22.1,0.048,62.05,14.44,40.32,19.57,3.716,137.3,19.948,20.199519207048038,-0.6295192070480375
Kuhi,2010,Monsoon,672.9,25.6,0.611,21.66,9.97,25.44,17.719,1.794,69.2,19.377,17.815530881008847,-0.09653088100884588
Kuhi,2010,Post-Monsoon,110.0,26.0,0.049,23.43,10.18,28.43,20.888,2.35,672.9,17.719,20.344322061522302,0.5436779384776997
Kuhi,2010,Winter,19.3,19.4,0.0,25.8,12.12,22.41,20.049,2.055,110.0,20.888,20.26438029668321,-0.21538029668321101
Kuhi,2011,Pre-Monsoon,34.3,31.9,0.046,17.78,10.74,27.11,21.602,1.766,19.3,20.049,20.477246708681054,1.124753291318946
Kuhi,2011,Monsoon,797.4,27.4,0.714,23.75,11.57,31.0,17.577,2.51,34.3,21.602,17.070750428696336,0.5062495713036661
Kuhi,2011,Post-Monsoon,111.1,25.7,0.098,20.61,12.45,28.92,20.317,2.239,797.4,17.577,20.331635602245097,-0.014635602245096635
Kuhi,2011,Winter,23.3,19.3,0.017,23.46,11.81,25.14,18.515,1.708,111.1,20.317,20.26438029668321,-1.74938029668321
Kuhi,2012,Pre-Monsoon,60.1,36.2,0.073,25.47,11.71,30.9,20.572,2.17,23.3,18.515,20.452546202776347,0.11945379722365246
Kuhi,2012,Monsoon,875.4,27.5,0.784,24.88,12.25,27.51,16.064,1.96,60.1,20.572,16.56358043292189,-0.4995804329218885
Kuhi,2012,Post-Monsoon,106.4,25.4,0.058,25.46,11.56,27.34,20.821,2.356,875.4,16.064,20.339549153173014,0.4814508468269878
Kuhi,2012,Winter,22.3,20.7,0.003,22.09,11.15,28.19,19.554,2.035,106.4,20.821,20.274059963349874,-0.7200599633498754
Kuhi,2013,Pre-Monsoon,36.2,35.1,0.019,24.3,11.2,30.63,22.262,2.015,22.3,19.554,20.497372639445103,1.764627360554897
Kuhi,2013,Monsoon,771.7,24.6,0.769,34.15,9.59,29.33,16.732,2.278,36.2,22.262,17.067414883470086,-0.3354148834700865
Kuhi,2013,Post-Monsoon,137.4,25.9,0.099,26.3,12.81,26.61,19.908,2.819,771.7,16.732,19.741412256810943,0.16658774318905856
Kuhi,2013,Winter,19.6,20.5,0.034,32.13,12.88,25.78,19.931,2.293,137.4,19.908,20.274059963349874,-0.343059963349873
Kuhi,2014,Pre-Monsoon,35.1,35.1,0.0,32.89,14.68,30.38,22.415,2.27,19.6,19.931,20.50201036876841,1.9129896312315893
Kuhi,2014,Monsoon,567.4,25.6,0.513,27.01,12.53,33.38,19.335,2.885,35.1,22.415,19.099250667179966,0.23574933282003485
Kuhi,2014,Post-Monsoon,161.9,24.7,0.149,26.94,12.51,33.01,19.714,2.711,567.4,19.335,19.159940618528285,0.5540593814717134
Kuhi,2014,Winter,21.1,20.0,0.0,24.97,12.42,31.63,19.629,2.238,161.9,19.714,20.274059963349874,-0.6450599633498726
Kuhi,2015,Pre-Monsoon,75.5,33.2,0.028,31.38,11.1,35.21,20.776,3.018,21.1,19.629,20.4277544111813,0.34824558881869905
Kuhi,2015,Monsoon,810.4,26.9,0.735,25.89,14.01,34.13,17.878,2.732,75.5,20.776,16.861962799697054,1.0160372003029465
Kuhi,2015,Post-Monsoon,99.3,24.2,0.136,27.66,14.89,33.75,20.75,2.445,810.4,17.878,19.951909621441605,0.7980903785583955
Kuhi,2015,Winter,20.1,20.5,0.039,29.57,12.61,33.94,20.489,2.617,99.3,20.75,20.270529046683208,0.21847095331679256
Kuhi,2016,Pre-Monsoon,42.9,36.3,0.086,34.24,13.58,33.12,22.277,2.57,20.1,20.489,20.496129452101744,1.7808705478982567
Kuhi,2016,Monsoon,921.9,26.9,0.901,27.39,14.49,39.05,16.064,2.53,42.9,22.277,15.786363586140421,0.2776364138595788
Kuhi,2016,Post-Monsoon,151.3,25.0,0.136,27.89,15.53,36.76,19.25,2.296,921.9,16.064,19.303490960628256,-0.05349096062825609
Kuhi,2016,Winter,18.3,19.6,0.0,29.65,12.52,32.31,20.772,2.322,151.3,19.25,20.271304931603844,0.5006950683961549
Kuhi,2017,Pre-Monsoon,48.0,34.1,0.102,32.14,14.91,31.39,21.817,2.504,18.3,20.772,20.494608896546186,1.322391103453814
Kuhi,2017,Monsoon,636.4,27.8,0.605,31.82,15.62,33.4,18.866,2.602,48.0,21.817,18.011214851939062,0.8547851480609374
Kuhi,2017,Post-Monsoon,111.0,26.1,0.07,33.92,14.57,33.95,21.053,2.781,636.4,18.866,20.33565094896915,0.7173490510308511
Kuhi,2017,Winter,20.2,19.7,0.089,36.36,14.8,38.23,19.292,2.158,111.0,21.053,20.26438029668321,-0.9723802966832089
Kuhi,2018,Pre-Monsoon,44.2,33.7,0.047,37.53,13.95,37.73,22.337,3.009,20.2,19.292,20.477246708681054,1.8597532913189454
Kuhi,2018,Monsoon,820.1,26.9,0.807,32.4,15.83,36.59,17.29,3.005,44.2,22.337,16.575515407556402,0.714484592443597
Kuhi,2018,Post-Monsoon,50.4,22.0,0.084,38.46,16.97,36.69,22.191,2.972,820.1,17.29,20.29111125837877,1.8998887416212291
Kuhi,2018,Winter,14.6,23.1,0.081,36.21,15.07,33.5,21.938,2.864,50.4,22.191,20.393089004930886,1.5449109950691131
Kuhi,2019,Pre-Monsoon,68.9,33.2,0.068,32.04,16.73,37.91,21.095,2.823,14.6,21.938,20.45057027393809,0.6444297260619081
Kuhi,2019,Monsoon,463.1,28.0,0.399,34.9,15.64,38.47,20.135,2.86,68.9,21.095,19.255133933408693,0.8798660665913083
Kuhi,2019,Post-Monsoon,111.0,25.7,0.107,35.99,14.61,38.08,20.95,2.582,463.1,20.135,20.33260664706171,0.61739335293829
Kuhi,2019,Winter,14.8,22.2,0.011,33.81,15.73,35.16,21.017,2.393,111.0,20.95,20.321510000157165,0.6954899998428345
Kuhi,2020,Pre-Monsoon,80.9,33.0,0.088,35.45,16.96,37.03,20.317,3.015,14.8,21.017,20.42611404400518,-0.1091140440051781
Kuhi,2020,Monsoon,756.1,26.2,0.716,44.37,14.57,37.49,17.989,3.052,80.9,20.317,17.231315791017916,0.7576842089820843
Kuhi,2020,Post-Monsoon,82.7,27.8,0.033,37.35,17.24,39.52,21.71,2.728,756.1,17.989,20.351087701818567,1.3589122981814334
Kuhi,2020,Winter,16.2,21.3,0.0,40.39,16.31,40.07,22.092,3.063,82.7,21.71,20.30576046564106,1.7862395343589377
Kuhi,2021,Pre-Monsoon,53.0,33.7,0.046,37.05,14.73,39.63,21.997,3.014,16.2,22.092,20.470668731581817,1.5263312684181827
Kuhi,2021,Monsoon,959.2,28.0,0.923,41.85,18.46,45.66,17.251,3.698,53.0,21.997,15.787761822833499,1.4632381771665024
Kuhi,2021,Post-Monsoon,120.9,25.6,0.13,37.39,16.56,35.14,21.144,2.939,959.2,17.251,20.235531082462273,0.908468917537725
Kuhi,2021,Winter,26.3,21.4,0.067,35.82,19.15,43.75,20.656,3.705,120.9,21.144,20.270529046683208,0.3854709533167906
Kuhi,2022,Pre-Monsoon,56.8,35.9,0.0,42.82,17.84,47.39,22.596,4.0,26.3,20.656,20.479147832864502,2.116852167135498
Kuhi,2022,Monsoon,566.1,25.4,0.488,42.35,16.2,44.31,19.554,2.977,56.8,22.596,19.093014507070354,0.46098549292964464
Kuhi,2022,Post-Monsoon,125.3,25.6,0.116,43.23,18.39,41.69,20.936,3.473,566.1,19.554,20.200510513771217,0.7354894862287829
Kuhi,2022,Winter,12.8,19.8,0.0,40.51,16.55,44.23,21.529,2.822,125.3,20.936,20.280984598270507,1.2480154017294929
Kuhi,2023,Pre-Monsoon,57.1,32.1,0.034,41.53,17.48,44.28,22.316,3.831,12.8,21.529,20.480790197739026,1.835209802260973
Kuhi,2023,Monsoon,553.8,27.1,0.513,46.37,17.27,45.81,20.819,4.023,57.1,22.316,19.105702790865227,1.7132972091347725
Kuhi,2023,Post-Monsoon,126.5,25.7,0.131,42.19,19.55,44.09,20.925,3.393,553.8,20.819,20.1108301841411,0.8141698158589001
Kuhi,2023,Winter,22.7,19.9,0.054,38.85,18.0,46.77,20.864,3.98,126.5,20.925,20.270529046683208,0.5934709533167926
Kuhi,2024,Pre-Monsoon,62.0,34.7,0.079,45.14,19.42,46.63,22.634,3.835,22.7,20.864,20.45465094507327,2.179349054926732
Kuhi,2024,Monsoon,760.8,24.7,0.778,42.6,19.92,45.4,18.3,3.388,62.0,22.634,17.135799983629262,1.1642000163707387
Kuhi,2024,Post-Monsoon,114.1,28.1,0.118,47.13,16.26,45.11,21.811,3.595,760.8,18.3,20.25769673970911,1.553303260290889
Kuhi,2024,Winter,18.6,21.1,0.053,37.48,19.02,44.49,21.307,3.444,114.1,21.811,20.27745368160384,1.0295463183961573
Mouda,2010,Monsoon,681.5,26.3,0.832,33.79,16.21,24.62,16.352,2.754,47.5,19.913,16.556068530521298,-0.20406853052129748
Mouda,2010,Post-Monsoon,142.3,27.5,0.15,35.83,14.55,22.7,18.742,2.605,681.5,16.352,19.074441020984615,-0.33244102098461425
Mouda,2010,Winter,22.4,19.8,0.008,37.94,16.63,18.67,18.585,2.737,142.3,18.742,20.188908582243766,-1.6039085822437649
Mouda,2011,Pre-Monsoon,44.9,33.6,0.065,36.13,15.17,22.91,19.395,2.499,22.4,18.585,20.333655614653125,-0.9386556146531255
Mouda,2011,Monsoon,683.5,27.7,0.876,34.53,17.17,20.93,15.935,3.228,44.9,19.395,16.423300261059627,-0.4883002610596261
Mouda,2011,Post-Monsoon,130.5,26.5,0.169,35.18,17.41,16.54,18.216,2.438,683.5,15.935,19.159498464344406,-0.9434984643444047
Mouda,2011,Winter,21.1,22.4,0.016,39.01,16.64,18.21,18.869,2.638,130.5,18.216,20.229433984130424,-1.3604339841304238
Mouda,2012,Pre-Monsoon,66.0,34.3,0.034,32.32,17.22,18.95,19.542,2.778,21.1,18.869,20.316344805415145,-0.7743448054151436
Mouda,2012,Monsoon,429.9,29.2,0.54,36.02,15.87,19.71,18.295,2.872,66.0,19.542,18.997738955843726,-0.7027389558437243
Mouda,2012,Post-Monsoon,146.7,25.5,0.149,36.0,14.17,20.68,18.145,2.771,429.9,18.295,19.063339409574755,-0.9183394095747559
Mouda,2012,Winter,24.3,22.1,0.067,37.12,17.81,17.31,18.258,2.483,146.7,18.145,20.195199562283083,-1.9371995622830838
Mouda,2013,Pre-Monsoon,48.1,34.0,0.035,39.01,15.2,16.21,20.78,2.873,24.3,18.258,20.342971972229066,0.4370280277709355
Mouda,2013,Monsoon,663.6,28.3,0.83,38.33,18.11,19.7,16.264,2.816,48.1,20.78,16.638242610179834,-0.3742426101798344
Mouda,2013,Post-Monsoon,110.0,26.1,0.137,34.74,17.81,19.09,18.937,2.578,663.6,16.264,19.889052854055098,-0.952052854055097
Mouda,2013,Winter,11.5,22.2,0.0,41.54,16.53,21.41,21.064,2.791,110.0,18.937,20.229433984130424,0.8345660158695765
Mouda,2014,Pre-Monsoon,59.6,34.5,0.075,41.03,16.54,19.61,19.544,2.851,11.5,21.064,20.329629312180945,-0.7856293121809443
Mouda,2014,Monsoon,722.5,28.7,0.861,36.28,15.79,27.15,16.045,2.904,59.6,19.544,16.37425974459707,-0.3292597445970671
Mouda,2014,Post-Monsoon,119.4,26.7,0.139,41.71,19.54,19.71,18.706,2.763,722.5,16.045,19.755673923319634,-1.0496739233196344
Mouda,2014,Winter,24.5,20.8,0.031,36.04,18.11,21.13,18.529,2.953,119.4,18.706,20.188908582243766,-1.6599085822437658
Mouda,2015,Pre-Monsoon,56.3,34.0,0.093,44.03,18.02,24.63,19.771,2.903,24.5,18.529,20.33912732846316,-0.5681273284631594
Mouda,2015,Monsoon,661.9,25.2,0.805,38.84,16.93,26.32,16.821,3.314,56.3,19.771,16.8345911129415,-0.01359111294149784
Mouda,2015,Post-Monsoon,116.9,24.8,0.144,39.13,16.07,21.27,18.949,2.883,661.9,16.821,19.65008015300294,-0.7010801530029376
Mouda,2015,Winter,17.7,21.6,0.016,30.48,16.95,25.32,18.964,2.624,116.9,18.949,20.188908582243766,-1.224908582243767
Mouda,2016,Pre-Monsoon,49.9,34.0,0.022,44.58,17.56,23.28,21.139,3.278,17.7,18.964,20.351010420730457,0.7879895792695422
Mouda,2016,Monsoon,536.5,27.6,0.642,33.35,17.59,19.47,17.813,2.665,49.9,21.139,18.401844396785773,-0.5888443967857739
Mouda,2016,Post-Monsoon,102.2,23.5,0.093,42.75,19.88,24.98,19.693,3.059,536.5,17.813,20.235129950333004,-0.5421299503330026
Mouda,2016,Winter,30.0,20.8,0.1,43.88,15.91,21.5,17.265,2.896,102.2,19.693,20.188908582243766,-2.923908582243765
Mouda,2017,Pre-Monsoon,100.3,32.6,0.13,42.15,17.86,23.99,17.295,3.059,30.0,17.265,20.273548874319733,-2.9785488743197313
Mouda,2017,Monsoon,666.9,27.7,0.864,43.12,17.93,20.78,16.045,2.935,100.3,17.295,16.360596222517614,-0.31559622251761255
Mouda,2017,Post-Monsoon,103.1,24.8,0.091,35.35,17.62,20.04,19.029,2.577,666.9,16.045,20.247082854442986,-1.2180828544429865
Mouda,2017,Winter,21.4,22.0,0.01,38.99,18.4,21.93,19.328,3.266,103.1,19.029,20.195199562283083,-0.8671995622830835
Mouda,2018,Pre-Monsoon,68.4,35.2,0.025,44.97,18.46,26.78,19.974,3.232,21.4,19.328,20.316344805415145,-0.342344805415145
Mouda,2018,Monsoon,712.8,26.6,0.904,36.15,17.53,29.37,15.507,2.833,68.4,19.974,16.189462651093073,-0.6824626510930738
Mouda,2018,Post-Monsoon,123.8,25.0,0.147,43.46,17.37,26.23,19.586,3.404,712.8,15.507,19.60424301621458,-0.01824301621457991
Mouda,2018,Winter,33.6,22.4,0.051,38.28,17.97,27.82,18.134,3.418,123.8,19.586,20.229433984130424,-2.0954339841304233
Mouda,2019,Pre-Monsoon,41.7,34.6,0.014,37.06,18.52,26.11,21.3,3.08,33.6,18.134,20.339831351103275,0.960168648896726
Mouda,2019,Monsoon,537.2,26.9,0.616,35.51,19.02,22.92,18.198,3.175,41.7,21.3,18.402313806291076,-0.20431380629107565
Mouda,2019,Post-Monsoon,137.8,25.1,0.114,41.89,17.81,23.7,18.805,2.551,537.2,18.198,19.59361546662959,-0.7886154666295901
Mouda,2019,Winter,14.9,22.2,0.027,42.66,17.34,22.89,20.918,3.522,137.8,18.805,20.229433984130424,0.6885660158695757
Mouda,2020,Pre-Monsoon,45.3,34.4,0.129,42.43,19.96,23.5,20.675,3.338,14.9,20.918,20.352206668313556,0.3227933316864444
Mouda,2020,Monsoon,549.9,25.9,0.707,45.7,20.01,29.86,17.675,3.304,45.3,20.675,18.080251884211147,-0.4052518842111468
Mouda,2020,Post-Monsoon,141.6,24.7,0.143,43.6,18.32,25.28,19.156,3.358,549.9,17.675,19.07336390555704,0.08263609444295739
Mouda,2020,Winter,12.0,21.3,0.036,37.54,17.84,23.25,20.877,3.338,141.6,19.156,20.188908582243766,0.6880914177562332
Mouda,2021,Pre-Monsoon,50.7,34.7,0.079,43.89,19.11,26.65,21.256,3.546,12.0,20.877,20.355250970220997,0.9007490297790035
Mouda,2021,Monsoon,738.5,28.2,0.919,46.12,18.9,26.39,15.431,2.671,50.7,21.256,16.296352700503522,-0.8653527005035233
Mouda,2021,Post-Monsoon,103.9,24.5,0.171,44.24,18.68,24.48,19.877,3.456,738.5,15.431,19.732787979304984,0.14421202069501504
Mouda,2021,Winter,20.1,21.0,0.051,36.92,18.65,24.82,18.959,2.757,103.9,19.877,20.188908582243766,-1.229908582243766
Mouda,2022,Pre-Monsoon,84.9,33.6,0.113,49.32,18.37,30.98,19.373,3.983,20.1,18.959,20.278445383213523,-0.9054453832135216
Mouda,2022,Monsoon,681.3,26.9,0.821,43.56,19.82,26.41,16.413,3.167,84.9,19.373,16.658705462665097,-0.24570546266509652
Mouda,2022,Post-Monsoon,155.8,25.1,0.172,44.47,20.45,29.3,18.059,3.29,681.3,16.413,19.004619126465858,-0.9456191264658571
Mouda,2022,Winter,18.2,23.1,0.0,38.48,18.09,27.16,20.092,3.107,155.8,18.059,20.248646452859468,-0.15664645285946932
Mouda,2023,Pre-Monsoon,65.9,35.5,0.028,47.51,18.82,28.81,19.813,3.37,18.2,20.092,20.316344805415145,-0.5033448054151464
Mouda,2023,Monsoon,802.1,24.9,0.989,40.69,19.64,28.93,15.338,3.02,65.9,19.813,15.06523057011924,0.2727694298807588
Mouda,2023,Post-Monsoon,153.4,23.9,0.207,46.82,18.87,23.96,18.062,2.89,802.1,15.338,19.00364212200536,-0.9416421220053586
Mouda,2023,Winter,20.1,21.9,0.006,41.89,19.23,29.5,19.787,2.758,153.4,18.062,20.195199562283083,-0.40819956228308385
Mouda,2024,Pre-Monsoon,43.7,35.3,0.026,42.52,18.76,27.34,21.271,3.306,20.1,19.787,20.351010420730457,0.9199895792695436
Mouda,2024,Monsoon,459.9,27.9,0.565,48.03,18.64,23.52,19.072,3.659,43.7,21.271,18.76143312176785,0.310566878232148
Mouda,2024,Post-Monsoon,113.3,24.9,0.192,41.46,18.62,28.96,19.113,3.53,459.9,19.072,19.622449425561744,-0.5094494255617441
Mouda,2024,Winter,23.8,21.7,0.024,41.36,19.2,25.09,19.289,3.344,113.3,19.113,20.195199562283083,-0.9061995622830814
Nagpur Rural,2010,Monsoon,1004.7,26.5,1.183,23.55,13.72,27.5,13.072,2.372,60.6,18.558,13.65127844131136,-0.5792784413113612
Nagpur Rural,2010,Post-Monsoon,78.7,26.9,0.159,25.0,13.67,27.62,19.649,1.728,1004.7,13.072,19.80277570583243,-0.15377570583243028
Nagpur Rural,2010,Winter,18.1,23.4,0.017,29.49,12.9,29.45,19.629,2.135,78.7,19.649,20.252966097624423,-0.6239660976244217
Nagpur Rural,2011,Pre-Monsoon,76.8,33.6,0.044,26.5,13.83,28.98,18.489,1.825,18.1,19.629,20.285809329885925,-1.7968093298859245
Nagpur Rural,2011,Monsoon,707.6,26.3,0.797,28.91,15.0,28.05,16.28,2.724,76.8,18.489,17.197399387101697,-0.9173993871016961
Nagpur Rural,2011,Post-Monsoon,178.8,26.5,0.232,26.05,15.55,31.4,17.58,2.316,707.6,16.28,19.037194302511296,-1.4571943025112972
Nagpur Rural,2011,Winter,18.4,20.4,0.008,28.92,16.23,28.69,19.795,2.654,178.8,17.58,20.19322822700872,-0.39822822700871896
Nagpur Rural,2012,Pre-Monsoon,72.2,31.1,0.064,26.27,13.14,29.29,18.715,2.233,18.4,19.795,20.3035370997005,-1.588537099700499
Nagpur Rural,2012,Monsoon,602.8,25.7,0.743,31.77,14.48,29.42,17.195,2.503,72.2,18.715,17.479579160903757,-0.2845791609037569
Nagpur Rural,2012,Post-Monsoon,118.6,26.9,0.115,28.58,15.24,28.66,19.244,2.694,602.8,17.195,20.140975685004907,-0.8969756850049073
Nagpur Rural,2012,Winter,16.1,20.9,0.054,21.78,13.96,29.39,20.08,2.272,118.6,19.244,20.19322822700872,-0.11322822700872237
Nagpur Rural,2013,Pre-Monsoon,47.5,32.5,0.072,30.86,16.73,33.09,20.847,2.793,16.1,20.08,20.34261298874139,0.5043870112586113
Nagpur Rural,2013,Monsoon,745.1,24.9,0.853,33.69,17.37,31.01,15.823,2.871,47.5,20.847,16.779668158719026,-0.956668158719026
Nagpur Rural,2013,Post-Monsoon,171.7,26.7,0.201,28.01,16.19,32.81,18.229,3.223,745.1,15.823,19.040901858066853,-0.8119018580668538
Nagpur Rural,2013,Winter,26.0,19.8,0.058,32.61,16.62,36.69,19.14,3.094,171.7,18.229,20.19322822700872,-1.05322822700872
Nagpur Rural,2014,Pre-Monsoon,62.0,31.7,0.079,31.09,15.62,39.63,20.85,3.226,26.0,19.14,20.312145556408453,0.5378544435915487
Nagpur Rural,2014,Monsoon,868.5,27.0,1.079,29.48,17.3,35.57,14.491,2.766,62.0,20.85,14.561801637946298,-0.0708016379462979
Nagpur Rural,2014,Post-Monsoon,161.7,27.2,0.2,33.5,16.95,34.92,18.111,2.842,868.5,14.491,19.04455216117536,-0.9335521611753599
Nagpur Rural,2014,Winter,13.6,21.7,0.029,27.4,16.78,37.91,21.248,3.032,161.7,18.111,20.199519207048038,1.0484807929519633
Nagpur Rural,2015,Pre-Monsoon,47.4,32.6,0.069,35.96,18.91,40.03,20.796,2.821,13.6,21.248,20.346853538231933,0.4491464617680663
Nagpur Rural,2015,Monsoon,675.8,26.7,0.817,35.58,17.12,35.71,16.916,2.867,47.4,20.796,17.24904287551751,-0.3330428755175099
Nagpur Rural,2015,Post-Monsoon,129.4,24.5,0.145,39.14,16.46,31.99,18.973,3.006,675.8,16.916,19.29315771448702,-0.3201577144870207
Nagpur Rural,2015,Winter,19.2,22.6,0.0,36.01,19.19,34.47,20.046,2.875,129.4,18.973,20.244582902109425,-0.19858290210942542
Nagpur Rural,2016,Pre-Monsoon,57.5,35.9,0.126,35.89,20.26,39.24,21.103,3.228,19.2,20.046,20.334234309096896,0.7687656909031055
Nagpur Rural,2016,Monsoon,695.4,31.1,0.884,34.77,19.32,38.24,17.124,3.414,57.5,21.103,16.892571172968943,0.23142882703105627
Nagpur Rural,2016,Post-Monsoon,125.9,26.0,0.166,38.17,16.41,40.81,18.973,2.704,695.4,17.124,19.536702776564727,-0.5637027765647282
Nagpur Rural,2016,Winter,20.9,20.1,0.051,32.87,17.94,37.68,19.746,3.064,125.9,18.973,20.19322822700872,-0.447228227008722
Nagpur Rural,2017,Pre-Monsoon,69.4,34.1,0.029,33.09,19.06,40.46,20.215,3.102,20.9,19.746,20.31986698771764,-0.1048669877176387
Nagpur Rural,2017,Monsoon,811.6,25.6,0.967,35.68,19.36,44.12,15.121,2.543,69.4,20.215,14.980234540095756,0.1407654599042445
Nagpur Rural,2017,Post-Monsoon,102.2,25.3,0.114,39.08,18.76,43.63,20.215,3.107,811.6,15.121,20.26159781043048,-0.04659781043048028
Nagpur Rural,2017,Winter,12.8,21.5,0.019,38.52,20.66,39.45,21.921,3.309,102.2,20.215,20.19322822700872,1.7277717729912787
Nagpur Rural,2018,Pre-Monsoon,58.5,32.6,0.05,42.22,20.35,41.31,21.647,3.872,12.8,21.921,20.328282358356613,1.318717641643385
Nagpur Rural,2018,Monsoon,536.7,27.7,0.704,35.39,19.48,40.7,18.195,3.05,58.5,21.647,18.263215712371277,-0.06821571237127699
Nagpur Rural,2018,Post-Monsoon,169.9,25.8,0.222,40.33,19.87,42.88,19.099,3.811,536.7,18.195,19.0359587575269,0.06304124247310128
Nagpur Rural,2018,Winter,22.3,21.8,0.0,40.77,20.74,45.03,20.661,3.838,169.9,19.099,20.199519207048038,0.46148079295196354
Nagpur Rural,2019,Pre-Monsoon,76.5,34.4,0.084,44.11,17.59,45.69,18.665,2.996,22.3,20.661,20.289997267495057,-1.6249972674950577
Nagpur Rural,2019,Monsoon,695.7,25.5,0.838,47.21,20.04,50.34,17.718,3.984,76.5,18.665,17.04338101106147,0.6746189889385299
Nagpur Rural,2019,Post-Monsoon,120.0,24.7,0.145,42.99,19.16,44.09,20.305,3.813,695.7,17.718,19.663606868889566,0.6413931311104335
Nagpur Rural,2019,Winter,18.0,20.9,0.029,44.95,19.52,42.13,20.987,3.463,120.0,20.305,20.19322822700872,0.7937717729912777
Nagpur Rural,2020,Pre-Monsoon,66.5,34.6,0.036,45.85,21.98,47.53,20.896,3.453,18.0,20.987,20.320664450180104,0.5753355498198971
Nagpur Rural,2020,Monsoon,632.2,26.4,0.807,49.6,23.04,49.88,18.39,4.222,66.5,20.896,17.34314775936554,1.0468522406344611
Nagpur Rural,2020,Post-Monsoon,125.8,26.2,0.18,44.99,20.52,45.56,20.341,3.718,632.2,18.39,19.584621543775064,0.7563784562249367
Nagpur Rural,2020,Winter,22.1,20.5,0.05,46.3,20.01,50.2,19.732,3.329,125.8,20.341,20.19322822700872,-0.46122822700872135
Nagpur Rural,2021,Pre-Monsoon,45.0,34.1,0.047,46.22,22.59,49.3,22.448,4.082,22.1,19.732,20.355330065495412,2.0926699345045883
Nagpur Rural,2021,Monsoon,351.3,26.5,0.368,47.34,21.97,51.07,21.608,4.057,45.0,22.448,19.186066471355453,2.421933528644548
Nagpur Rural,2021,Post-Monsoon,135.0,25.3,0.167,50.19,21.41,50.47,20.179,3.764,351.3,21.608,19.13969097311753,1.0393090268824672
Nagpur Rural,2021,Winter,23.2,21.1,0.006,44.66,21.43,49.81,20.319,3.976,135.0,20.179,20.19322822700872,0.1257717729912784
Nagpur Rural,2022,Pre-Monsoon,58.8,34.1,0.146,45.17,24.17,50.69,21.39,4.08,23.2,20.319,19.89429491186614,1.4957050881338603
Nagpur Rural,2022,Monsoon,633.6,28.9,0.769,52.7,22.05,50.16,18.507,4.307,58.8,21.39,17.59152774267852,0.9154722573214826
Nagpur Rural,2022,Post-Monsoon,122.0,25.7,0.117,48.61,21.1,48.03,21.171,4.324,633.6,18.507,20.138422017031957,1.0325779829680428
Nagpur Rural,2022,Winter,17.7,22.9,0.029,48.85,23.13,50.47,21.412,3.984,122.0,21.171,20.249936122361593,1.1620638776384062
Nagpur Rural,2023,Pre-Monsoon,37.3,34.8,0.038,49.58,23.43,54.16,22.822,4.027,17.7,21.412,20.355330065495412,2.466669934504587
Nagpur Rural,2023,Monsoon,672.9,29.1,0.846,54.29,24.66,55.0,18.799,4.659,37.3,22.822,17.156646126577442,1.6423538734225573
Nagpur Rural,2023,Post-Monsoon,93.1,26.9,0.074,48.99,24.72,54.28,22.317,4.202,672.9,18.799,20.269415020687212,2.047584979312788
Nagpur Rural,2023,Winter,18.9,21.1,0.026,54.77,23.06,53.06,21.387,4.497,93.1,22.317,20.19322822700872,1.1937717729912798
Nagpur Rural,2024,Pre-Monsoon,47.1,33.7,0.053,52.63,25.91,53.79,21.924,3.843,18.9,21.387,20.34261298874139,1.5813870112586095
Nagpur Rural,2024,Monsoon,633.4,26.1,0.824,52.94,25.43,54.19,18.556,4.436,47.1,21.924,17.29151061377887,1.2644893862211326
Nagpur Rural,2024,Post-Monsoon,168.4,23.0,0.148,51.81,24.16,55.76,19.752,4.263,633.4,18.556,19.080481744200178,0.6715182557998212
Nagpur Rural,2024,Winter,23.9,21.2,0.058,54.26,23.58,55.78,20.726,4.43,168.4,19.752,20.19322822700872,0.5327717729912784
Nagpur Urban,2010,Monsoon,581.7,26.9,0.552,45.71,17.62,15.8,18.416,2.702,52.1,21.448,18.54191180806118,-0.1259118080611792
Nagpur Urban,2010,Post-Monsoon,151.5,25.5,0.179,47.25,18.74,15.92,19.201,3.349,581.7,18.416,19.329308515381843,-0.12830851538184262
Nagpur Urban,2010,Winter,21.3,21.3,0.004,45.71,19.02,16.97,20.16,3.087,151.5,19.201,20.91834296427502,-0.7583429642750197
Nagpur Urban,2011,Pre-Monsoon,57.3,32.7,0.065,52.87,21.06,22.32,21.759,3.999,21.3,20.16,21.586577217573666,0.17242278242633446
Nagpur Urban,2011,Monsoon,564.2,25.8,0.573,48.08,20.34,19.68,18.181,2.992,57.3,21.759,18.81008855491943,-0.6290885549194307
Nagpur Urban,2011,Post-Monsoon,145.5,28.6,0.238,53.45,18.71,14.91,19.117,3.048,564.2,18.181,19.346771718377536,-0.22977171837753474
Nagpur Urban,2011,Winter,17.3,20.8,0.05,52.68,19.54,17.65,20.207,3.223,145.5,19.117,20.892534871321676,-0.6855348713216749
Nagpur Urban,2012,Pre-Monsoon,62.4,36.3,0.069,57.31,19.96,19.21,20.713,3.37,17.3,20.207,21.48495516276558,-0.771955162765579
Nagpur Urban,2012,Monsoon,524.2,28.1,0.516,57.16,20.84,21.79,19.564,3.49,62.4,20.713,19.301769712672375,0.26223028732762543
Nagpur Urban,2012,Post-Monsoon,104.0,24.4,0.069,54.88,22.04,22.58,21.258,3.78,524.2,19.564,21.248736002741545,0.009263997258454282
Nagpur Urban,2012,Winter,20.6,20.5,0.055,55.65,21.99,22.64,19.883,3.31,104.0,21.258,20.904580835246644,-1.0215808352466453
Nagpur Urban,2013,Pre-Monsoon,80.5,33.8,0.072,60.9,20.1,21.88,20.358,3.657,20.6,19.883,21.32739347292722,-0.9693934729272193
Nagpur Urban,2013,Monsoon,626.7,27.4,0.692,56.79,21.86,18.99,18.29,3.426,80.5,20.358,18.141521186703763,0.14847881329623647
Nagpur Urban,2013,Post-Monsoon,97.8,25.6,0.129,52.54,21.24,22.91,21.272,3.872,626.7,18.29,21.29222089129238,-0.020220891292382248
Nagpur Urban,2013,Winter,26.2,20.8,0.006,55.85,21.45,24.56,19.736,3.76,97.8,21.272,21.0025504553214,-1.2665504553214006
Nagpur Urban,2014,Pre-Monsoon,92.7,36.4,0.071,57.81,20.5,24.58,20.252,4.107,26.2,19.736,21.29787683830072,-1.045876838300721
Nagpur Urban,2014,Monsoon,577.9,24.2,0.594,55.49,21.44,23.87,18.485,3.178,92.7,20.252,18.41162543970343,0.07337456029657119
Nagpur Urban,2014,Post-Monsoon,175.7,24.3,0.149,64.19,24.87,23.13,19.603,4.304,577.9,18.485,19.390312435186015,0.21268756481398654
Nagpur Urban,2014,Winter,16.3,20.7,0.04,59.98,21.59,25.72,21.085,3.838,175.7,19.603,20.901245733755534,0.1837542662444669
Nagpur Urban,2015,Pre-Monsoon,60.4,33.3,0.077,63.87,22.88,28.88,21.699,4.186,16.3,21.085,21.499022848711043,0.19997715128895877
Nagpur Urban,2015,Monsoon,718.1,26.9,0.807,65.55,23.11,26.09,18.246,4.56,60.4,21.699,17.67144921919233,0.5745507808076695
Nagpur Urban,2015,Post-Monsoon,127.3,23.7,0.16,62.19,21.61,26.82,20.62,4.026,718.1,18.246,19.820971864915144,0.7990281350848569
Nagpur Urban,2015,Winter,20.1,20.7,0.025,65.25,20.15,27.41,21.254,4.13,127.3,20.62,20.910194165693973,0.3438058343060284
Nagpur Urban,2016,Pre-Monsoon,34.6,34.4,0.088,58.39,24.34,29.12,22.556,3.77,20.1,21.254,21.633214394030304,0.9227856059696968
Nagpur Urban,2016,Monsoon,822.7,27.8,0.905,66.52,23.91,34.3,17.943,4.697,34.6,22.556,16.46638989226849,1.47661010773151
Nagpur Urban,2016,Post-Monsoon,122.1,25.1,0.156,59.45,24.26,29.46,21.383,4.351,822.7,17.943,20.062738976438848,1.3202610235611516
Nagpur Urban,2016,Winter,23.7,19.0,0.023,59.47,22.96,33.72,20.554,3.924,122.1,21.383,20.903621032136165,-0.3496210321361666
Nagpur Urban,2017,Pre-Monsoon,63.1,32.4,0.045,66.08,25.39,33.4,21.47,4.595,23.7,20.554,21.62108631817949,-0.15108631817949103
Nagpur Urban,2017,Monsoon,726.3,29.1,0.691,63.37,24.82,27.93,19.248,4.376,63.1,21.47,18.11986037087161,1.1281396291283912
Nagpur Urban,2017,Post-Monsoon,104.0,27.1,0.14,65.84,24.46,32.56,21.522,4.379,726.3,19.248,20.630223950747148,0.8917760492528508
Nagpur Urban,2017,Winter,21.0,22.3,0.0,64.77,25.71,30.02,21.393,4.471,104.0,21.522,21.419999035802185,-0.026999035802184324
Nagpur Urban,2018,Pre-Monsoon,60.0,35.7,0.088,69.83,25.54,39.64,21.714,4.168,21.0,21.393,21.481733359406203,0.23226664059379587
Nagpur Urban,2018,Monsoon,590.3,27.1,0.651,62.49,23.73,29.82,19.333,4.339,60.0,21.714,18.332428224729725,1.0005717752702736
Nagpur Urban,2018,Post-Monsoon,132.3,24.2,0.068,67.46,24.51,34.97,21.541,4.573,590.3,19.333,20.65822914424887,0.8827708557511293
Nagpur Urban,2018,Winter,20.2,21.7,0.0,66.76,25.18,35.87,21.842,4.721,132.3,21.541,21.047937757851443,0.7940622421485557
Nagpur Urban,2019,Pre-Monsoon,55.7,35.1,0.0,65.57,24.26,29.93,22.538,4.574,20.2,21.842,21.801568584878932,0.7364314151210678
Nagpur Urban,2019,Monsoon,706.1,28.4,0.772,69.25,27.09,35.99,18.62,4.591,55.7,22.538,17.94698007563683,0.6730199243631709
Nagpur Urban,2019,Post-Monsoon,99.4,25.5,0.127,74.62,24.36,36.74,22.138,4.95,706.1,18.62,21.29394466298365,0.8440553370163499
Nagpur Urban,2019,Winter,12.7,22.2,0.0,67.85,24.67,34.13,22.955,4.481,99.4,22.138,21.494400914404682,1.460599085595316
Nagpur Urban,2020,Pre-Monsoon,65.2,35.7,0.057,67.18,27.56,36.87,22.596,4.857,12.7,22.955,21.690727565461547,0.9052724345384533
Nagpur Urban,2020,Monsoon,700.4,29.5,0.788,71.82,26.65,40.39,19.064,5.021,65.2,22.596,17.841344158416227,1.222655841583773
Nagpur Urban,2020,Post-Monsoon,129.9,24.9,0.087,65.39,25.38,36.55,21.864,5.124,700.4,19.064,20.780154763840287,1.0838452361597142
Nagpur Urban,2020,Winter,15.2,21.5,0.004,70.76,26.68,39.25,23.036,5.181,129.9,21.864,20.946840147055198,2.089159852944803
Nagpur Urban,2021,Pre-Monsoon,59.7,37.4,0.069,78.07,27.34,41.09,22.904,5.144,15.2,23.036,21.652440268963666,1.251559731036334
Nagpur Urban,2021,Monsoon,731.0,25.9,0.778,77.02,27.61,38.93,19.126,5.039,59.7,22.904,17.846284020694313,1.2797159793056885
Nagpur Urban,2021,Post-Monsoon,69.4,25.6,0.012,69.28,28.61,41.88,23.006,4.528,731.0,19.126,21.598997790036854,1.4070022099631458
Nagpur Urban,2021,Winter,17.3,24.1,0.031,72.09,27.71,35.74,22.502,4.931,69.4,23.006,21.61191564821505,0.8900843517849495
Nagpur Urban,2022,Pre-Monsoon,67.5,34.4,0.09,73.86,28.9,45.65,21.874,4.966,17.3,22.502,21.454775369114785,0.4192246308852141
Nagpur Urban,2022,Monsoon,654.5,28.8,0.665,80.29,28.13,42.23,20.549,5.234,67.5,21.874,18.24419399188271,2.304806008117289
Nagpur Urban,2022,Post-Monsoon,104.3,26.6,0.061,77.84,27.46,44.45,22.067,5.025,654.5,20.549,21.367139538760167,0.6998604612398331
Nagpur Urban,2022,Winter,15.9,21.3,0.011,75.16,27.84,42.09,22.911,5.355,104.3,22.067,20.934869716078765,1.9761302839212362
Nagpur Urban,2023,Pre-Monsoon,64.1,34.7,0.075,84.19,28.67,42.76,22.416,5.212,15.9,22.911,21.523768395293654,0.8922316047063461
Nagpur Urban,2023,Monsoon,512.5,26.9,0.541,78.23,27.99,45.77,21.448,5.285,64.1,22.416,19.189072413795888,2.2589275862041127
Nagpur Urban,2023,Post-Monsoon,139.6,26.2,0.101,77.88,29.02,41.27,21.484,4.856,512.5,21.448,20.516695427858025,0.9673045721419768
Nagpur Urban,2023,Winter,25.7,20.7,0.038,70.85,27.6,42.79,21.125,5.206,139.6,21.484,20.89317537797551,0.23182462202449017
Nagpur Urban,2024,Pre-Monsoon,45.9,32.9,0.055,85.07,28.29,46.09,23.854,5.101,25.7,21.125,21.789766310755194,2.064233689244805
Nagpur Urban,2024,Monsoon,559.6,26.3,0.604,80.96,27.74,46.75,21.15,5.815,45.9,23.854,18.719877279259034,2.4301227207409646
Nagpur Urban,2024,Post-Monsoon,103.9,26.7,0.131,81.58,27.83,46.81,22.653,5.532,559.6,21.15,21.29330490139339,1.3596950986066076
Nagpur Urban,2024,Winter,22.4,20.0,0.0,82.38,29.75,43.93,22.58,5.415,103.9,22.653,21.02999283078177,1.5500071692182296
Narkhed,2010,Monsoon,635.2,27.0,0.849,29.67,11.96,35.13,16.063,2.223,66.6,19.64,16.592950572876475,-0.5299505728764764
Narkhed,2010,Post-Monsoon,151.0,26.9,0.219,30.63,12.98,29.83,18.21,2.739,635.2,16.063,19.02562431366829,-0.8156243136682875
Narkhed,2010,Winter,15.5,19.9,0.024,36.58,10.49,32.13,19.434,2.362,151.0,18.21,20.19322822700872,-0.7592282270087196
Narkhed,2011,Pre-Monsoon,53.1,33.3,0.071,30.54,11.21,34.05,20.431,2.675,15.5,19.434,20.343008894466028,0.08799110553397327
Narkhed,2011,Monsoon,674.7,27.9,0.872,32.17,12.55,36.71,16.229,2.114,53.1,20.431,16.543198052268654,-0.3141980522686545
Narkhed,2011,Post-Monsoon,101.7,27.3,0.165,29.16,13.16,31.83,19.658,2.516,674.7,16.229,19.78295056551592,-0.12495056551592043
Narkhed,2011,Winter,21.3,20.8,0.061,33.89,13.4,30.44,18.604,2.429,101.7,19.658,20.19322822700872,-1.5892282270087215
Narkhed,2012,Pre-Monsoon,70.6,35.3,0.09,37.18,14.3,33.38,19.811,3.299,21.3,18.604,20.31917572845838,-0.5081757284583794
Narkhed,2012,Monsoon,636.0,26.6,0.825,28.48,13.56,30.81,16.802,2.101,70.6,19.811,16.772582961058724,0.029417038941275564
Narkhed,2012,Post-Monsoon,134.6,28.0,0.182,34.6,11.08,31.07,17.809,1.929,636.0,16.802,19.102979150744176,-1.2939791507441747
Narkhed,2012,Winter,9.2,19.3,0.0,30.39,13.32,33.53,21.416,2.76,134.6,17.809,20.19322822700872,1.2227717729912797
Narkhed,2013,Pre-Monsoon,62.7,34.4,0.099,34.05,12.79,32.6,19.562,2.738,9.2,21.416,20.324213740411384,-0.7622137404113829
Narkhed,2013,Monsoon,523.4,26.1,0.664,36.56,13.27,31.28,17.811,2.533,62.7,19.562,18.404782508115286,-0.5937825081152859
Narkhed,2013,Post-Monsoon,147.8,25.3,0.186,33.75,14.33,33.49,18.243,2.874,523.4,17.811,19.02504915096826,-0.7820491509682626
Narkhed,2013,Winter,28.7,21.0,0.0,34.7,15.13,37.38,18.605,2.564,147.8,18.243,20.19322822700872,-1.5882282270087202
Narkhed,2014,Pre-Monsoon,47.8,34.3,0.026,32.43,12.77,36.35,20.974,2.711,28.7,18.605,20.344150995868233,0.629849004131767
Narkhed,2014,Monsoon,603.7,26.0,0.834,37.9,14.5,32.21,15.647,2.311,47.8,20.974,16.694053495610152,-1.047053495610152
Narkhed,2014,Post-Monsoon,104.4,25.0,0.189,38.16,13.47,33.37,19.573,2.88,603.7,15.647,19.753783246387812,-0.1807832463878114
Narkhed,2014,Winter,22.3,21.9,0.065,30.86,14.2,33.37,17.674,1.961,104.4,19.573,20.199519207048038,-2.5255192070480383
Narkhed,2015,Pre-Monsoon,67.4,34.1,0.096,40.96,12.44,34.7,19.524,2.653,22.3,17.674,20.318617275450347,-0.7946172754503458
Narkhed,2015,Monsoon,405.2,28.8,0.522,41.2,13.67,37.34,19.313,3.0,67.4,19.524,19.09043995343332,0.22256004656667727
Narkhed,2015,Post-Monsoon,128.2,26.4,0.148,34.73,13.1,40.52,19.618,3.275,405.2,19.313,19.371745045383904,0.24625495461609503
Narkhed,2015,Winter,21.4,19.3,0.015,35.74,15.29,35.32,19.943,3.067,128.2,19.618,20.19322822700872,-0.2502282270087193
Narkhed,2016,Pre-Monsoon,57.7,37.1,0.063,33.55,12.76,41.26,20.432,2.665,21.4,19.943,20.33370740413861,0.09829259586138761
Narkhed,2016,Monsoon,778.5,29.6,0.996,35.05,13.5,30.5,15.576,2.566,57.7,20.432,15.382330931575673,0.1936690684243274
Narkhed,2016,Post-Monsoon,179.0,25.5,0.227,36.21,14.95,34.02,17.742,3.162,778.5,15.576,19.00776215961709,-1.2657621596170898
Narkhed,2016,Winter,11.8,19.4,0.061,37.06,13.2,35.01,20.806,3.01,179.0,17.742,20.19322822700872,0.6127717729912803
Narkhed,2017,Pre-Monsoon,47.1,34.4,0.06,38.31,13.0,37.0,21.246,3.006,11.8,20.806,20.359570614985955,0.8864293850140434
Narkhed,2017,Monsoon,623.4,25.9,0.832,40.37,14.11,33.88,16.806,2.997,47.1,21.246,16.7062359382979,0.09976406170209984
Narkhed,2017,Post-Monsoon,130.1,26.7,0.201,40.86,15.22,33.77,18.891,2.996,623.4,16.806,19.235813133628124,-0.3448131336281257
Narkhed,2017,Winter,15.4,20.4,0.006,34.58,13.91,39.05,21.15,3.567,130.1,18.891,20.19322822700872,0.9567717729912779
Narkhed,2018,Pre-Monsoon,53.5,34.0,0.079,38.64,16.56,34.66,20.866,3.101,15.4,21.15,20.35572597122005,0.5102740287799499
Narkhed,2018,Monsoon,775.5,28.6,1.012,37.31,12.76,33.62,15.512,2.604,53.5,20.866,15.432533372233113,0.0794666277668874
Narkhed,2018,Post-Monsoon,124.0,25.3,0.152,39.55,13.32,34.51,19.603,3.165,775.5,15.512,19.628196945076184,-0.025196945076181976
Narkhed,2018,Winter,17.3,22.2,0.0,42.81,13.35,40.09,20.903,3.705,124.0,19.603,20.233753628895382,0.6692463711046166
Narkhed,2019,Pre-Monsoon,49.5,33.3,0.09,41.23,14.67,37.55,20.978,3.114,17.3,20.903,20.34261298874139,0.6353870112586115
Narkhed,2019,Monsoon,533.2,27.3,0.75,42.92,15.52,38.16,17.93,2.997,49.5,20.978,18.102434170641676,-0.17243417064167588
Narkhed,2019,Post-Monsoon,92.6,24.4,0.134,38.63,15.43,38.8,20.493,3.221,533.2,17.93,20.04109042833862,0.45190957166137835
Narkhed,2019,Winter,22.3,20.1,0.041,40.08,14.07,37.57,19.015,2.841,92.6,20.493,20.19322822700872,-1.17822822700872
Narkhed,2020,Pre-Monsoon,74.3,35.4,0.116,44.73,14.81,45.68,19.823,3.445,22.3,19.015,20.286952965587616,-0.463952965587616
Narkhed,2020,Monsoon,692.2,28.1,0.923,44.14,15.24,38.78,16.493,3.361,74.3,19.823,16.35866149266351,0.1343385073364871
Narkhed,2020,Post-Monsoon,105.7,25.0,0.222,38.02,13.55,36.36,19.584,3.035,692.2,16.493,19.74640141597752,-0.16240141597752
Narkhed,2020,Winter,22.5,20.2,0.04,36.19,14.38,35.81,19.175,3.165,105.7,19.584,20.19322822700872,-1.01822822700872
Narkhed,2021,Pre-Monsoon,72.0,34.1,0.12,34.27,16.13,39.21,19.69,3.065,22.5,19.175,20.31477551108044,-0.6247755110804398
Narkhed,2021,Monsoon,455.5,26.1,0.627,41.63,13.89,36.32,18.266,2.91,72.0,19.69,18.541540625739984,-0.2755406257399855
Narkhed,2021,Post-Monsoon,80.5,24.9,0.11,36.01,15.15,41.42,20.245,2.936,455.5,18.266,20.248358197300504,-0.0033581973005034627
Narkhed,2021,Winter,18.6,20.3,0.06,38.64,16.37,39.84,20.018,3.275,80.5,20.245,20.19322822700872,-0.17522822700871998
Narkhed,2022,Pre-Monsoon,72.1,33.3,0.098,40.11,16.23,36.87,20.018,3.255,18.6,20.018,20.31363187537875,-0.29563187537874924
Narkhed,2022,Monsoon,837.1,29.9,1.151,44.58,15.61,35.28,14.689,3.279,72.1,20.018,14.238425037409288,0.4505749625907125
Narkhed,2022,Post-Monsoon,101.2,25.9,0.154,35.94,15.07,43.21,20.012,3.287,837.1,14.689,19.80605938382528,0.20594061617472192
Narkhed,2022,Winter,23.3,22.4,0.053,43.02,14.37,42.22,19.336,3.29,101.2,20.012,20.233753628895382,-0.8977536288953836
Narkhed,2023,Pre-Monsoon,63.5,34.4,0.06,36.99,16.65,40.57,20.531,3.092,23.3,19.336,20.318617275450347,0.21238272454965212
Narkhed,2023,Monsoon,770.2,26.5,1.041,39.1,17.43,37.91,15.569,3.204,63.5,20.531,15.428839834952022,0.14016016504797868
Narkhed,2023,Post-Monsoon,126.2,28.1,0.154,42.22,13.03,40.01,19.21,2.814,770.2,15.569,19.542194833262112,-0.3321948332621112
Narkhed,2023,Winter,18.7,20.8,0.014,35.29,14.65,42.51,19.221,2.734,126.2,19.21,20.19322822700872,-0.9722282270087206
Narkhed,2024,Pre-Monsoon,83.4,35.0,0.095,45.69,15.3,43.29,19.409,3.705,18.7,19.221,20.29135318296555,-0.8823531829655522
Narkhed,2024,Monsoon,491.9,26.7,0.667,40.29,16.59,39.31,18.721,3.325,83.4,19.409,18.467583612272072,0.25341638772792763
Narkhed,2024,Post-Monsoon,108.4,26.2,0.162,47.96,16.98,43.21,21.283,3.717,491.9,18.721,19.795029668659204,1.4879703313407973
Narkhed,2024,Winter,23.2,19.7,0.018,40.26,16.69,40.34,19.852,3.543,108.4,21.283,20.19322822700872,-0.34122822700872035
Parseoni,2010,Monsoon,736.3,28.2,0.747,41.8,19.77,37.26,17.014,3.636,64.8,19.35,17.204248569209852,-0.190248569209853
Parseoni,2010,Post-Monsoon,174.4,25.1,0.154,37.62,20.05,31.33,17.209,2.983,736.3,17.014,19.074560060850594,-1.8655600608505942
Parseoni,2010,Winter,22.0,20.2,0.041,41.95,19.53,35.98,18.023,3.033,174.4,17.209,20.19322822700872,-2.170228227008721
Parseoni,2011,Pre-Monsoon,62.0,32.8,0.05,37.5,20.96,39.54,19.807,3.365,22.0,18.023,20.31704206530225,-0.510042065302251
Parseoni,2011,Monsoon,844.5,25.0,0.872,39.96,20.39,38.66,15.86,3.638,62.0,19.807,15.850568269793802,0.009431730206197031
Parseoni,2011,Post-Monsoon,136.2,26.8,0.12,43.73,20.63,34.95,19.106,3.532,844.5,15.86,19.62840991045271,-0.5224099104527085
Parseoni,2011,Winter,19.9,20.1,0.039,41.05,20.96,39.36,18.789,3.213,136.2,19.106,20.19322822700872,-1.4042282270087192
Parseoni,2012,Pre-Monsoon,69.7,32.4,0.077,43.69,21.88,36.72,19.891,4.077,19.9,18.789,20.31363187537875,-0.4226318753787517
Parseoni,2012,Monsoon,815.1,27.4,0.83,44.73,21.12,41.13,15.739,3.604,69.7,19.891,16.249814331899596,-0.5108143318995957
Parseoni,2012,Post-Monsoon,131.2,26.6,0.121,38.55,22.9,45.95,18.927,3.245,815.1,15.739,19.723161189422324,-0.7961611894223246
Parseoni,2012,Winter,21.3,22.7,0.0,42.2,21.47,41.89,18.986,3.134,131.2,18.927,20.244582902109425,-1.2585829021094241
Parseoni,2013,Pre-Monsoon,72.2,33.9,0.088,42.55,20.92,43.55,19.594,3.763,21.3,18.986,20.308476076083473,-0.7144760760834714
Parseoni,2013,Monsoon,531.4,26.3,0.565,42.28,22.55,40.52,18.017,3.663,72.2,19.594,18.588992538348986,-0.5719925383489866
Parseoni,2013,Post-Monsoon,146.5,26.5,0.168,44.93,21.58,39.19,18.616,3.551,531.4,18.017,19.060989402326765,-0.4449894023267653
Parseoni,2013,Winter,26.8,21.8,0.04,43.71,20.51,40.45,18.577,3.638,146.5,18.616,20.199519207048038,-1.622519207048036
Parseoni,2014,Pre-Monsoon,73.2,33.1,0.057,49.72,23.03,41.27,19.658,3.916,26.8,18.577,20.28091282099213,-0.6229128209921271
Parseoni,2014,Monsoon,734.0,30.3,0.78,47.36,20.57,41.03,17.149,3.833,73.2,19.658,17.133761791645526,0.015238208354475091
Parseoni,2014,Post-Monsoon,148.7,23.7,0.177,51.12,20.26,46.04,18.276,4.207,734.0,17.149,19.039207498602888,-0.7632074986028883
Parseoni,2014,Winter,10.4,21.6,0.046,46.46,22.84,41.21,20.901,4.028,148.7,18.276,20.19322822700872,0.7077717729912791
Parseoni,2015,Pre-Monsoon,77.9,31.4,0.037,44.23,21.15,43.61,18.891,3.26,10.4,20.901,20.288260781267116,-1.3972607812671178
Parseoni,2015,Monsoon,733.6,26.3,0.769,40.92,22.41,43.52,16.659,3.761,77.9,18.891,17.103969415937573,-0.44496941593757455
Parseoni,2015,Post-Monsoon,114.9,26.4,0.151,46.48,23.06,43.03,19.709,4.028,733.6,16.659,19.693053740017533,0.015946259982467126
Parseoni,2015,Winter,22.4,21.0,0.014,45.78,22.24,39.38,19.532,3.794,114.9,19.709,20.19322822700872,-0.6612282270087206
Parseoni,2016,Pre-Monsoon,51.8,36.5,0.043,45.54,22.24,40.42,21.594,4.148,22.4,19.532,20.350692336172106,1.2433076638278955
Parseoni,2016,Monsoon,499.7,29.4,0.517,47.35,24.67,46.4,19.788,4.14,51.8,21.594,19.137986733337122,0.650013266662878
Parseoni,2016,Post-Monsoon,104.4,23.6,0.102,51.6,23.83,44.81,20.115,4.2,499.7,19.788,20.242240472736164,-0.12724047273616534
Parseoni,2016,Winter,22.0,21.2,0.0,50.76,20.1,45.71,19.846,3.445,104.4,20.115,20.19322822700872,-0.3472282270087206
Parseoni,2017,Pre-Monsoon,57.0,33.4,0.091,50.98,23.87,48.01,21.59,5.131,22.0,19.846,20.338768344975488,1.2512316550245117
Parseoni,2017,Monsoon,647.4,24.8,0.667,53.0,22.39,40.62,18.016,4.422,57.0,21.59,17.809598110748798,0.2064018892512003
Parseoni,2017,Post-Monsoon,112.8,23.6,0.133,51.54,21.94,48.85,20.461,4.437,647.4,18.016,20.128675357494664,0.3323246425053341
Parseoni,2017,Winter,22.4,21.7,0.05,44.1,22.22,44.17,19.366,3.877,112.8,20.461,20.199519207048038,-0.8335192070480382
Parseoni,2018,Pre-Monsoon,76.8,35.5,0.055,51.67,23.36,46.8,18.922,3.124,22.4,19.366,20.289997267495057,-1.3679972674950562
Parseoni,2018,Monsoon,753.1,26.2,0.852,49.91,24.34,46.05,16.938,4.097,76.8,18.922,16.49104059719982,0.44695940280017865
Parseoni,2018,Post-Monsoon,153.4,26.8,0.16,54.29,26.75,48.06,19.411,4.517,753.1,16.938,19.0836697262243,0.3273302737757007
Parseoni,2018,Winter,17.6,20.6,0.0,47.4,23.69,47.13,21.028,4.184,153.4,19.411,20.19322822700872,0.834771772991278
Parseoni,2019,Pre-Monsoon,50.8,35.8,0.087,52.44,24.26,51.34,21.091,4.435,17.6,21.028,20.355330065495412,0.735669934504589
Parseoni,2019,Monsoon,598.1,27.3,0.608,53.58,24.23,45.04,18.915,4.565,50.8,21.091,18.0392842618679,0.8757157381321008
Parseoni,2019,Post-Monsoon,105.8,24.7,0.107,50.66,23.69,53.26,20.714,4.431,598.1,18.915,20.245123473670905,0.46887652632909393
Parseoni,2019,Winter,23.3,20.5,0.033,51.54,25.14,49.38,19.204,3.901,105.8,20.714,20.19322822700872,-0.98922822700872
Parseoni,2020,Pre-Monsoon,54.4,31.5,0.073,56.64,27.72,48.81,20.724,4.289,23.3,19.204,20.334130615652178,0.38986938434782203
Parseoni,2020,Monsoon,698.4,25.9,0.731,47.81,26.11,47.86,16.911,3.769,54.4,20.724,17.307177541063204,-0.3961775410632029
Parseoni,2020,Post-Monsoon,108.5,26.0,0.129,58.06,25.92,52.19,21.236,4.802,698.4,16.911,20.263135995150172,0.9728640048498285
Parseoni,2020,Winter,24.2,22.4,0.045,49.38,24.35,49.1,19.672,4.165,108.5,21.236,20.233753628895382,-0.5617536288953815
Parseoni,2021,Pre-Monsoon,77.8,35.6,0.118,52.03,26.16,49.52,19.298,4.295,24.2,19.672,20.28355224640953,-0.985552246409533
Parseoni,2021,Monsoon,738.9,29.6,0.785,62.49,25.85,51.1,17.708,5.093,77.8,19.298,16.98120737220882,0.7267926277911769
Parseoni,2021,Post-Monsoon,98.8,27.7,0.139,58.54,25.31,50.91,21.166,4.821,738.9,17.708,19.90612294045273,1.2598770595472715
Parseoni,2021,Winter,22.4,23.6,0.051,54.44,26.5,55.3,21.082,4.958,98.8,21.166,20.25923425266609,0.8227657473339107
Parseoni,2022,Pre-Monsoon,59.4,34.7,0.113,57.84,26.62,52.43,20.858,4.622,22.4,21.082,20.329307186760673,0.5286928132393278
Parseoni,2022,Monsoon,888.7,26.7,0.939,53.94,26.88,55.71,16.561,4.676,59.4,20.858,14.856683670838287,1.7043163291617134
Parseoni,2022,Post-Monsoon,110.4,26.7,0.126,56.72,26.3,53.43,20.559,4.559,888.7,16.561,20.263135995150172,0.2958640048498289
Parseoni,2022,Winter,31.6,19.4,0.0,53.67,26.06,54.54,18.968,4.584,110.4,20.559,20.19322822700872,-1.2252282270087207
Parseoni,2023,Pre-Monsoon,49.0,33.7,0.051,53.18,25.49,50.75,21.705,4.48,31.6,18.968,20.331433919114207,1.3735660808857908
Parseoni,2023,Monsoon,391.7,25.1,0.433,49.6,27.88,49.0,20.049,4.122,49.0,21.705,19.1708364403578,0.8781635596421999
Parseoni,2023,Post-Monsoon,200.1,23.0,0.232,52.51,27.08,53.04,17.507,4.25,391.7,20.049,19.026670201293584,-1.5196702012935823
Parseoni,2023,Winter,13.0,22.6,0.001,53.73,28.25,53.39,22.66,5.01,200.1,17.507,20.244582902109425,2.4154170978905753
Parseoni,2024,Pre-Monsoon,56.4,34.2,0.105,60.65,27.32,54.31,21.697,5.239,13.0,22.66,20.35268166931261,1.3443183306873898
Parseoni,2024,Monsoon,561.0,26.3,0.575,55.13,26.39,58.56,19.269,4.895,56.4,21.697,18.578925074306184,0.6900749256938141
Parseoni,2024,Post-Monsoon,130.4,25.8,0.123,59.88,26.65,49.5,20.527,4.757,561.0,19.269,19.7824408478342,0.7445591521658024
Parseoni,2024,Winter,15.1,19.1,0.023,64.17,27.35,51.35,21.553,4.898,130.4,20.527,20.19322822700872,1.3597717729912802
Ramtek,2010,Monsoon,545.3,29.0,0.47,30.81,4.61,43.15,16.908,1.709,47.7,18.904,18.746925309012756,-1.8389253090127546
Ramtek,2010,Post-Monsoon,111.8,27.0,0.074,26.5,4.28,45.63,18.699,2.207,545.3,16.908,19.899991521467065,-1.2009915214670634
Ramtek,2010,Winter,25.8,22.0,0.0,24.91,4.14,44.36,17.022,1.591,111.8,18.699,19.917463749725997,-2.895463749725998
Ramtek,2011,Pre-Monsoon,41.2,33.9,0.0,30.18,6.08,48.75,20.275,2.269,25.8,17.022,20.050199913946038,0.2248000860539605
Ramtek,2011,Monsoon,482.0,25.7,0.427,22.12,5.67,41.43,17.157,1.62,41.2,20.275,18.903706846598126,-1.7467068465981264
Ramtek,2011,Post-Monsoon,122.7,27.8,0.106,26.29,5.46,40.62,18.394,2.237,482.0,17.157,19.829472935436787,-1.4354729354367883
Ramtek,2011,Winter,18.2,20.7,0.0,29.23,6.09,43.85,18.805,2.08,122.7,18.394,19.917463749725997,-1.1124637497259968
Ramtek,2012,Pre-Monsoon,67.6,34.0,0.049,37.47,5.45,46.16,19.192,3.097,18.2,18.805,20.03532429830417,-0.8433242983041715
Ramtek,2012,Monsoon,552.3,27.7,0.486,28.64,7.02,46.39,17.442,2.339,67.6,19.192,18.73854329816932,-1.2965432981693183
Ramtek,2012,Post-Monsoon,131.0,26.1,0.094,35.27,5.21,46.49,18.734,3.005,552.3,17.442,19.483958250508103,-0.7499582505081008
Ramtek,2012,Winter,16.6,19.7,0.024,26.07,5.79,40.04,18.523,1.91,131.0,18.734,19.92128482997291,-1.398284829972912
Ramtek,2013,Pre-Monsoon,73.3,32.3,0.087,29.68,8.43,48.73,17.752,2.244,16.6,18.523,20.004144532534887,-2.2521445325348886
Ramtek,2013,Monsoon,601.0,26.8,0.558,29.54,6.92,49.24,17.077,2.386,73.3,17.752,17.800111807741512,-0.7231118077415104
Ramtek,2013,Post-Monsoon,78.9,24.6,0.078,31.37,6.9,49.45,19.239,2.43,601.0,17.077,19.96801997659027,-0.7290199765902692
Ramtek,2013,Winter,17.2,22.9,0.042,32.66,8.62,43.11,19.182,2.632,78.9,19.239,19.966209794883582,-0.7842097948835836
Ramtek,2014,Pre-Monsoon,61.2,32.6,0.074,36.56,7.66,43.66,18.97,2.781,17.2,19.182,20.032421611027623,-1.0624216110276237
Ramtek,2014,Monsoon,240.5,28.6,0.212,30.93,8.38,46.6,20.082,2.625,61.2,18.97,18.952529753023178,1.1294702469768225
Ramtek,2014,Post-Monsoon,162.3,26.5,0.154,35.76,6.13,49.9,17.334,2.713,240.5,20.082,18.880142376201402,-1.5461423762014022
Ramtek,2014,Winter,21.8,21.2,0.0,33.92,8.02,49.41,19.074,3.149,162.3,17.334,19.917463749725997,-0.8434637497259949
Ramtek,2015,Pre-Monsoon,45.2,34.4,0.052,38.11,8.3,47.48,19.436,2.639,21.8,19.074,20.068344050746006,-0.6323440507460063
Ramtek,2015,Monsoon,622.6,28.0,0.543,38.84,7.65,50.9,17.926,3.287,45.2,19.436,17.980272412517216,-0.054272412517217816
Ramtek,2015,Post-Monsoon,106.0,27.1,0.138,35.7,7.65,51.62,19.16,2.633,622.6,17.926,19.614126832194124,-0.45412683219412386
Ramtek,2015,Winter,25.3,23.5,0.044,35.11,7.89,51.12,18.107,2.782,106.0,19.16,19.9654186898995,-1.8584186898995014
Ramtek,2016,Pre-Monsoon,77.8,32.5,0.054,36.87,10.49,50.11,18.266,2.757,25.3,18.107,19.999248023641094,-1.7332480236410959
Ramtek,2016,Monsoon,237.6,25.7,0.288,38.35,7.39,51.06,20.273,3.061,77.8,18.266,18.935117910698807,1.3378820893011927
Ramtek,2016,Post-Monsoon,127.0,25.3,0.134,34.48,7.47,46.76,17.644,2.321,237.6,20.273,19.37642167953927,-1.7324216795392715
Ramtek,2016,Winter,20.8,19.4,0.0,33.45,8.03,49.65,18.855,2.461,127.0,17.644,19.917463749725997,-1.062463749725996
Ramtek,2017,Pre-Monsoon,62.3,33.9,0.029,38.0,8.29,53.03,19.168,2.605,20.8,18.855,20.033195332673042,-0.8651953326730428
Ramtek,2017,Monsoon,692.5,26.4,0.604,37.92,8.19,52.78,16.303,2.591,62.3,19.168,17.62316231330752,-1.3201623133075202
Ramtek,2017,Post-Monsoon,105.5,26.7,0.07,45.74,9.94,55.86,20.644,3.871,692.5,16.303,19.984668172633697,0.6593318273663016
Ramtek,2017,Winter,8.4,20.4,0.024,38.63,9.33,55.9,21.192,3.27,105.5,20.644,19.92128482997291,1.2707151700270884
Ramtek,2018,Pre-Monsoon,43.7,36.1,0.041,37.9,9.0,52.42,19.968,2.53,8.4,21.192,20.07258460023655,-0.10458460023654936
Ramtek,2018,Monsoon,637.0,26.2,0.585,40.65,9.88,52.18,17.328,3.168,43.7,19.968,17.776744728176226,-0.44874472817622646
Ramtek,2018,Post-Monsoon,116.7,27.4,0.101,42.15,9.13,49.51,19.504,3.231,637.0,17.328,19.881232075648242,-0.3772320756482408
Ramtek,2018,Winter,22.3,20.5,0.0,41.43,10.04,52.64,18.963,2.84,116.7,19.504,19.917463749725997,-0.9544637497259956
Ramtek,2019,Pre-Monsoon,82.7,35.1,0.061,42.23,10.33,48.61,18.364,3.055,22.3,18.963,20.00830403180197,-1.644304031801969
Ramtek,2019,Monsoon,680.5,28.5,0.579,38.19,10.5,54.66,17.056,2.973,82.7,18.364,17.77771577234087,-0.7217157723408683
Ramtek,2019,Post-Monsoon,57.3,25.5,0.049,39.02,11.08,57.51,20.89,3.099,680.5,17.056,20.01845681956532,0.8715431804346814
Ramtek,2019,Winter,19.1,20.9,0.011,42.12,10.93,52.4,18.685,2.654,57.3,20.89,19.917463749725997,-1.2324637497259978
Ramtek,2020,Pre-Monsoon,63.0,34.7,0.012,48.32,10.13,57.33,20.059,3.149,19.1,18.685,20.03601555756343,0.022984442436570163
Ramtek,2020,Monsoon,687.3,30.7,0.604,47.78,11.94,57.83,17.721,3.863,63.0,20.059,17.74660636477083,-0.025606364770830226
Ramtek,2020,Post-Monsoon,157.6,26.3,0.057,41.94,11.39,56.32,18.505,3.023,687.3,17.721,19.38309924481275,-0.878099244812752
Ramtek,2020,Winter,19.1,21.0,0.006,46.65,9.89,57.7,19.246,2.913,157.6,18.505,19.917463749725997,-0.6714637497259979
Ramtek,2021,Pre-Monsoon,60.6,36.6,0.07,39.38,8.18,60.18,20.069,3.416,19.1,19.246,20.037937025765203,0.031062974234796314
Ramtek,2021,Monsoon,688.6,28.1,0.583,43.28,11.32,59.71,17.73,3.68,60.6,20.069,17.78407213303903,-0.05407213303902836
Ramtek,2021,Post-Monsoon,83.0,28.6,0.054,42.86,11.23,58.52,20.538,3.339,688.6,17.73,19.99061883060673,0.5473811693932689
Ramtek,2021,Winter,21.0,17.9,0.075,44.12,11.88,54.9,18.636,3.153,83.0,20.538,19.917463749725997,-1.2814637497259973
Ramtek,2022,Pre-Monsoon,55.2,35.0,0.028,44.8,11.61,63.0,19.692,3.13,21.0,18.636,20.064499406980104,-0.3724994069801042
Ramtek,2022,Monsoon,477.5,25.9,0.365,43.96,9.84,57.24,19.487,3.395,55.2,19.692,18.9192925274211,0.5677074725788991
Ramtek,2022,Post-Monsoon,89.4,24.0,0.043,46.03,12.72,62.04,20.5,3.394,477.5,19.487,19.96801997659027,0.53198002340973
Ramtek,2022,Winter,18.8,20.7,0.077,40.87,11.62,62.82,18.883,3.191,89.4,20.5,19.917463749725997,-1.0344637497259974
Ramtek,2023,Pre-Monsoon,59.5,31.9,0.069,49.75,12.92,59.05,19.949,3.428,18.8,18.883,20.035422357908196,-0.08642235790819441
Ramtek,2023,Monsoon,985.2,27.1,0.817,48.3,11.06,58.23,14.823,3.385,59.5,19.949,16.101787260363157,-1.2787872603631563
Ramtek,2023,Post-Monsoon,134.9,26.7,0.084,46.13,12.68,59.65,19.415,3.701,985.2,14.823,19.446322981386697,-0.031322981386697535
Ramtek,2023,Winter,21.5,23.1,0.013,51.29,12.97,57.56,19.225,3.475,134.9,19.415,19.9654186898995,-0.7404186898994993
Ramtek,2024,Pre-Monsoon,57.6,34.8,0.087,50.28,12.53,57.46,20.355,3.668,21.5,19.225,20.046721389389205,0.3082786106107953
Ramtek,2024,Monsoon,960.0,28.6,0.854,46.46,12.46,62.42,15.318,3.772,57.6,20.355,15.855128049856521,-0.5371280498565216
Ramtek,2024,Post-Monsoon,91.6,27.6,0.082,44.16,12.92,63.36,20.647,3.487,960.0,15.318,19.99061883060673,0.6563811693932671
Ramtek,2024,Winter,20.5,19.3,0.0,52.72,14.17,63.47,20.709,4.282,91.6,20.647,19.917463749725997,0.7915362502740031
Savner,2010,Monsoon,712.3,27.8,0.755,25.92,18.14,30.35,9.186,2.037,60.7,13.239,10.270685907296402,-1.084685907296402
Savner,2010,Post-Monsoon,123.4,25.6,0.123,29.41,17.32,26.23,12.519,2.822,712.3,9.186,13.318282928361732,-0.7992829283617322
Savner,2010,Winter,24.1,19.1,0.019,28.71,18.57,31.65,11.881,2.772,123.4,12.519,13.853806823491874,-1.972806823491874
Savner,2011,Pre-Monsoon,73.4,33.0,0.067,21.73,18.44,30.7,12.061,2.531,24.1,11.881,13.649176327405865,-1.588176327405865
Savner,2011,Monsoon,294.9,27.3,0.284,31.3,17.78,32.08,13.77,2.895,73.4,12.061,13.000639419289477,0.7693605807105222
Savner,2011,Post-Monsoon,116.3,24.0,0.079,28.09,19.05,30.49,12.864,2.652,294.9,13.77,13.612473576441115,-0.7484735764411141
Savner,2011,Winter,19.7,21.3,0.031,35.48,18.39,31.83,13.155,2.975,116.3,12.864,13.96019878725189,-0.8051987872518911
Savner,2012,Pre-Monsoon,41.3,33.3,0.011,26.56,18.93,31.1,14.648,2.868,19.7,13.155,14.656527204136374,-0.008527204136374422
Savner,2012,Monsoon,616.2,24.6,0.637,32.94,20.55,31.94,10.75,2.57,41.3,14.648,12.116319305684602,-1.366319305684602
Savner,2012,Post-Monsoon,139.5,28.2,0.162,31.62,17.53,28.66,12.008,2.624,616.2,10.75,13.355371476274236,-1.3473714762742368
Savner,2012,Winter,20.7,21.1,0.05,32.15,20.95,33.74,13.175,3.377,139.5,12.008,13.825652947434843,-0.6506529474348426
Savner,2013,Pre-Monsoon,97.6,34.5,0.115,35.21,22.27,37.41,11.804,3.738,20.7,13.175,13.403978183071166,-1.5999781830711655
Savner,2013,Monsoon,692.6,25.3,0.748,31.68,20.49,34.72,11.265,3.627,97.6,11.804,11.03534058646909,0.22965941353091068
Savner,2013,Post-Monsoon,120.3,25.5,0.16,32.65,19.97,37.87,12.659,3.087,692.6,11.265,13.416994810305482,-0.7579948103054814
Savner,2013,Winter,23.0,23.5,0.046,38.02,19.54,36.02,12.534,3.155,120.3,12.659,14.153730517427036,-1.619730517427035
Savner,2014,Pre-Monsoon,61.6,32.2,0.026,31.39,21.55,42.3,13.513,2.669,23.0,12.534,13.866483513705889,-0.35348351370588915
Savner,2014,Monsoon,807.5,25.0,0.845,38.82,21.61,33.86,9.066,2.691,61.6,13.513,10.099805915232913,-1.0338059152329127
Savner,2014,Post-Monsoon,150.2,26.0,0.144,38.21,22.03,40.41,13.06,3.792,807.5,9.066,13.24577934272734,-0.18577934272733998
Savner,2014,Winter,21.8,21.1,0.016,31.9,20.1,36.43,13.338,3.483,150.2,13.06,13.883001226311281,-0.5450012263112818
Savner,2015,Pre-Monsoon,71.8,35.4,0.069,39.22,21.48,42.15,13.29,3.147,21.8,13.338,13.855192461909983,-0.5651924619099837
Savner,2015,Monsoon,878.6,26.8,0.943,39.07,20.68,40.12,8.467,3.223,71.8,13.29,10.092887915232915,-1.625887915232914
Savner,2015,Post-Monsoon,135.4,25.6,0.157,37.26,21.73,40.49,12.596,3.43,878.6,8.467,13.158645693134954,-0.5626456931349537
Savner,2015,Winter,12.3,19.8,0.06,38.59,20.4,34.99,14.697,3.743,135.4,12.596,13.92321295694385,0.7737870430561493
Savner,2016,Pre-Monsoon,78.4,34.5,0.097,35.33,23.32,39.72,12.894,3.186,12.3,14.697,13.930627379284964,-1.0366273792849636
Savner,2016,Monsoon,711.3,26.8,0.764,38.54,21.73,44.57,10.657,3.316,78.4,12.894,10.30708913480963,0.3499108651903704
Savner,2016,Post-Monsoon,99.4,24.5,0.136,34.22,23.31,39.92,13.738,3.518,711.3,10.657,13.717249350476413,0.020750649523586517
Savner,2016,Winter,17.0,21.9,0.021,35.57,22.21,44.01,14.633,3.673,99.4,13.738,14.321264221245844,0.31173577875415504
Savner,2017,Pre-Monsoon,64.7,35.1,0.09,43.59,23.41,42.08,13.287,3.203,17.0,14.633,14.132858622138544,-0.8458586221385431
Savner,2017,Monsoon,703.1,27.7,0.703,43.17,25.1,42.46,11.35,3.959,64.7,13.287,11.008211117768628,0.3417888822313717
Savner,2017,Post-Monsoon,91.3,26.3,0.073,39.59,23.0,45.63,15.083,3.813,703.1,11.35,14.42614289976718,0.6568571002328198
Savner,2017,Winter,30.1,20.4,0.015,35.91,24.44,44.68,12.336,3.2,91.3,15.083,13.903916278361075,-1.567916278361075
Savner,2018,Pre-Monsoon,61.6,35.0,0.016,47.54,24.5,43.87,14.631,3.782,30.1,12.336,14.037261761887676,0.5937382381123246
Savner,2018,Monsoon,554.3,24.6,0.612,46.71,23.01,44.84,12.247,4.011,61.6,14.631,12.185980562091327,0.06101943790867281
Savner,2018,Post-Monsoon,95.9,27.4,0.1,49.2,23.76,41.66,15.127,4.17,554.3,12.247,14.404797116151048,0.7222028838489525
Savner,2018,Winter,25.8,20.2,0.024,42.62,22.42,43.31,13.225,3.774,95.9,15.127,13.874175172457724,-0.6491751724577242
Savner,2019,Pre-Monsoon,42.2,36.2,0.042,43.09,24.1,41.99,15.64,3.676,25.8,13.225,14.419152463980014,1.2208475360199866
Savner,2019,Monsoon,688.3,28.9,0.736,47.59,25.1,47.24,11.537,4.046,42.2,15.64,11.263262125898722,0.27373787410127903
Savner,2019,Post-Monsoon,91.1,26.0,0.097,46.24,23.95,46.47,14.181,3.51,688.3,11.537,14.390609210473395,-0.20960921047339554
Savner,2019,Winter,15.7,18.7,0.021,46.49,24.9,47.1,13.757,3.655,91.1,14.181,14.037558437894946,-0.28055843789494617
Savner,2020,Pre-Monsoon,43.7,34.8,0.026,47.17,24.41,48.79,15.522,3.957,15.7,13.757,14.801645372825426,0.720354627174574
Savner,2020,Monsoon,718.3,25.4,0.772,54.81,26.39,49.19,10.828,3.904,43.7,15.522,10.214771690365184,0.613228309634815
Savner,2020,Post-Monsoon,148.9,25.0,0.136,46.43,23.98,44.32,12.73,3.683,718.3,10.828,13.087310505293809,-0.3573105052938086
Savner,2020,Winter,17.0,21.7,0.011,46.39,25.64,47.03,14.75,4.244,148.9,12.73,14.272299196446578,0.4777008035534216
Savner,2021,Pre-Monsoon,57.6,34.1,0.037,46.25,26.48,50.21,15.167,4.296,17.0,14.75,14.634375452982253,0.5326245470177469
Savner,2021,Monsoon,758.0,28.2,0.829,48.53,27.09,49.67,11.236,4.402,57.6,15.167,10.171144392056657,1.0648556079433433
Savner,2021,Post-Monsoon,99.7,26.9,0.191,47.7,25.78,47.98,14.686,4.639,758.0,11.236,13.865814969514322,0.8201850304856784
Savner,2021,Winter,18.0,18.9,0.0,43.7,26.34,56.1,13.966,3.732,99.7,14.686,14.022273746084478,-0.05627374608447866
Savner,2022,Pre-Monsoon,49.1,35.7,0.044,48.83,26.19,52.7,15.361,4.186,18.0,13.966,14.83013295982255,0.5308670401774513
Savner,2022,Monsoon,636.3,25.3,0.685,45.37,25.93,52.71,12.121,4.375,49.1,15.361,11.610852808431577,0.5101471915684233
Savner,2022,Post-Monsoon,149.6,27.2,0.172,53.51,27.12,49.71,13.298,4.62,636.3,12.121,13.337213599455453,-0.03921359945545255
Savner,2022,Winter,25.1,19.8,0.0,52.11,26.3,46.09,13.157,3.768,149.6,13.298,13.870311190495244,-0.7133111904952436
Savner,2023,Pre-Monsoon,76.1,36.4,0.044,51.64,27.08,56.97,14.224,4.428,25.1,13.157,13.980922042413686,0.2430779575863138
Savner,2023,Monsoon,610.5,27.9,0.601,52.11,25.38,49.88,12.792,4.329,76.1,14.224,12.24960407613407,0.5423959238659304
Savner,2023,Post-Monsoon,95.9,25.7,0.11,55.58,24.41,50.44,14.953,4.389,610.5,12.792,14.366844695149826,0.5861553048501733
Savner,2023,Winter,20.6,20.6,0.006,51.89,28.18,50.69,14.562,4.576,95.9,14.953,13.970321814104388,0.5916781858956117
Savner,2024,Pre-Monsoon,58.0,35.2,0.098,54.33,27.49,53.4,15.362,4.875,20.6,14.562,14.419313349473738,0.9426866505262623
Savner,2024,Monsoon,694.1,25.5,0.705,60.96,27.52,52.29,12.605,4.915,58.0,15.362,11.525782127124245,1.0792178728757555
Savner,2024,Post-Monsoon,120.3,25.6,0.122,50.38,27.61,54.97,14.87,4.545,694.1,12.605,13.684382997392055,1.1856170026079447
Savner,2024,Winter,19.3,24.6,0.046,52.09,28.29,52.37,14.356,4.464,120.3,14.87,14.282712540909497,0.07328745909050305
Umred,2010,Monsoon,756.0,27.1,0.699,18.14,14.76,18.73,13.98,1.846,67.0,16.059,15.881911821367385,-1.901911821367385
Umred,2010,Post-Monsoon,76.7,25.8,0.092,17.07,14.23,22.73,17.807,2.162,756.0,13.98,18.30995486323542,-0.5029548632354199
Umred,2010,Winter,22.5,23.1,0.065,22.25,13.43,20.92,16.412,2.166,76.7,17.807,18.30995486323542,-1.8979548632354195
Umred,2011,Pre-Monsoon,68.2,36.8,0.064,18.18,12.79,25.47,17.137,2.176,22.5,16.412,18.328190823601997,-1.1911908236019961
Umred,2011,Monsoon,767.9,26.8,0.715,21.01,12.93,28.51,13.989,2.275,68.2,17.137,15.785338035867778,-1.7963380358677767
Umred,2011,Post-Monsoon,88.0,25.7,0.117,20.65,13.26,23.92,18.031,2.49,767.9,13.989,18.30659944145848,-0.2755994414584819
Umred,2011,Winter,22.1,21.9,0.0,19.32,13.05,20.2,16.726,1.95,88.0,18.031,18.30995486323542,-1.5839548632354195
Umred,2012,Pre-Monsoon,25.8,36.7,0.0,29.5,13.08,22.52,19.169,2.377,22.1,16.726,18.33638624760392,0.8326137523960817
Umred,2012,Monsoon,478.7,25.2,0.483,25.48,16.34,22.84,15.919,1.942,25.8,19.169,18.099654459830667,-2.1806544598306665
Umred,2012,Post-Monsoon,100.7,26.6,0.127,26.32,13.69,27.05,17.279,2.186,478.7,15.919,18.30659944145848,-1.0275994414584808
Umred,2012,Winter,16.9,23.3,0.025,23.87,14.27,30.67,17.736,2.089,100.7,17.279,18.30995486323542,-0.5739548632354179
Umred,2013,Pre-Monsoon,59.5,34.2,0.036,25.8,16.38,22.29,17.297,2.187,16.9,17.736,18.33864495467463,-1.0416449546746307
Umred,2013,Monsoon,905.1,28.3,0.897,23.69,14.64,21.95,12.942,2.294,59.5,17.297,15.127115582404146,-2.185115582404146
Umred,2013,Post-Monsoon,133.8,25.7,0.124,24.99,15.82,21.9,16.685,2.256,905.1,12.942,18.223527908062966,-1.5385279080629672
Umred,2013,Winter,11.8,20.8,0.055,29.51,15.28,30.48,18.693,2.845,133.8,16.685,18.30995486323542,0.38304513676458285
Umred,2014,Pre-Monsoon,55.0,33.1,0.0,29.48,14.68,24.59,17.754,2.343,11.8,18.693,18.33864495467463,-0.58464495467463
Umred,2014,Monsoon,972.1,24.8,0.922,22.52,16.31,27.31,12.045,2.335,55.0,17.754,15.064480549866861,-3.019480549866861
Umred,2014,Post-Monsoon,163.0,26.7,0.176,17.62,15.26,31.81,15.302,1.614,972.1,12.045,18.12692131837367,-2.824921318373672
Umred,2014,Winter,14.1,23.2,0.021,23.32,15.36,20.08,17.646,2.15,163.0,15.302,18.30995486323542,-0.6639548632354177
Umred,2015,Pre-Monsoon,33.9,33.5,0.063,22.4,15.95,27.78,19.184,2.228,14.1,17.646,18.332336938080115,0.8516630619198864
Umred,2015,Monsoon,781.2,25.3,0.743,25.39,15.58,29.74,13.82,2.194,33.9,19.184,15.59473160304973,-1.7747316030497302
Umred,2015,Post-Monsoon,159.4,24.9,0.157,26.18,15.66,23.54,15.879,2.094,781.2,13.82,18.14400063191923,-2.2650006319192304
Umred,2015,Winter,16.7,20.2,0.052,29.74,15.93,29.52,17.612,2.585,159.4,15.879,18.30995486323542,-0.6979548632354202
Umred,2016,Pre-Monsoon,70.7,33.1,0.112,26.94,16.14,30.54,16.911,2.433,16.7,17.612,18.32898084963651,-1.417980849636507
Umred,2016,Monsoon,753.7,26.1,0.719,27.92,16.98,28.39,14.722,2.517,70.7,16.911,15.86068827847228,-1.13868827847228
Umred,2016,Post-Monsoon,119.0,24.3,0.083,26.3,17.25,28.56,17.482,2.895,753.7,14.722,18.30222887525573,-0.8202288752557294
Umred,2016,Winter,26.0,19.9,0.01,33.33,16.36,27.97,17.049,3.01,119.0,17.482,18.30995486323542,-1.260954863235419
Umred,2017,Pre-Monsoon,63.1,35.2,0.026,29.06,15.4,27.2,17.791,2.629,26.0,17.049,18.33420850686318,-0.5432085068631807
Umred,2017,Monsoon,575.7,27.1,0.518,30.31,17.65,29.47,16.197,2.821,63.1,17.791,17.327540264105007,-1.130540264105008
Umred,2017,Post-Monsoon,129.5,30.0,0.121,28.67,17.26,33.78,16.895,2.068,575.7,16.197,18.25708330091121,-1.362083300911209
Umred,2017,Winter,32.1,21.8,0.0,29.87,15.24,32.75,15.469,2.637,129.5,16.895,18.30995486323542,-2.840954863235419
Umred,2018,Pre-Monsoon,51.6,35.9,0.053,28.48,15.77,26.01,17.994,2.497,32.1,15.469,18.332129244236917,-0.33812924423691726
Umred,2018,Monsoon,583.7,29.0,0.538,29.45,15.83,33.16,16.045,2.115,51.6,17.994,17.128123738439886,-1.083123738439884
Umred,2018,Post-Monsoon,152.2,24.1,0.163,33.83,16.99,32.06,17.419,3.429,583.7,16.045,18.13967420276919,-0.7206742027691888
Umred,2018,Winter,18.2,19.8,0.047,26.05,16.66,30.94,17.367,2.614,152.2,17.419,18.30995486323542,-0.9429548632354177
Umred,2019,Pre-Monsoon,61.3,33.4,0.089,32.02,18.75,32.12,17.339,2.353,18.2,17.367,18.33197560474678,-0.9929756047467819
Umred,2019,Monsoon,379.3,27.5,0.323,35.06,17.34,31.1,17.998,3.076,61.3,17.339,18.13589308317521,-0.1378930831752072
Umred,2019,Post-Monsoon,88.5,27.5,0.096,30.59,17.95,31.73,18.216,2.537,379.3,17.998,18.30995486323542,-0.09395486323541746
Umred,2019,Winter,17.9,23.0,0.012,33.72,18.04,34.57,18.286,3.277,88.5,18.216,18.30995486323542,-0.02395486323541718
Umred,2020,Pre-Monsoon,67.6,33.7,0.066,30.86,17.36,37.01,17.17,2.579,17.9,18.286,18.33233627141345,-1.162336271413448
Umred,2020,Monsoon,736.0,29.8,0.693,32.81,17.05,33.09,14.717,3.038,67.6,17.17,16.06174883415531,-1.3447488341553093
Umred,2020,Post-Monsoon,118.7,25.5,0.087,34.62,16.54,34.01,18.609,3.33,736.0,14.717,18.30222887525573,0.30677112474427304
Umred,2020,Winter,18.3,21.5,0.015,28.23,18.09,32.7,18.2,2.652,118.7,18.609,18.30995486323542,-0.10995486323541925
Umred,2021,Pre-Monsoon,42.4,32.7,0.062,36.82,17.15,33.81,18.66,2.939,18.3,18.2,18.334178382524556,0.32582161747544447
Umred,2021,Monsoon,600.8,26.7,0.542,31.62,19.86,33.93,15.825,2.883,42.4,18.66,16.768392401560845,-0.9433924015608461
Umred,2021,Post-Monsoon,97.1,27.8,0.089,39.24,18.01,33.66,17.893,2.325,600.8,15.825,18.30995486323542,-0.41695486323541786
Umred,2021,Winter,19.8,22.9,0.048,30.17,19.35,33.09,17.496,2.938,97.1,17.893,18.30995486323542,-0.8139548632354199
Umred,2022,Pre-Monsoon,77.4,34.4,0.08,37.4,19.6,36.73,18.088,3.402,19.8,17.496,18.33031255712773,-0.24231255712772892
Umred,2022,Monsoon,795.4,26.9,0.764,39.87,20.12,34.75,15.042,3.737,77.4,18.088,15.58179366405989,-0.539793664059891
Umred,2022,Post-Monsoon,125.3,25.6,0.13,34.64,17.84,35.09,17.366,2.872,795.4,15.042,18.29887345347879,-0.9328734534787912
Umred,2022,Winter,25.8,22.3,0.017,36.97,18.58,31.68,17.227,3.086,125.3,17.366,18.30995486323542,-1.0829548632354182
Umred,2023,Pre-Monsoon,77.0,34.9,0.081,36.33,17.9,31.45,17.116,2.96,25.8,17.227,18.326841156935334,-1.2108411569353343
Umred,2023,Monsoon,546.2,26.7,0.518,33.85,18.56,40.1,16.642,2.932,77.0,17.116,17.90863270500389,-1.2666327050038895
Umred,2023,Post-Monsoon,119.5,25.0,0.092,38.87,18.48,33.06,17.852,3.166,546.2,16.642,18.30222887525573,-0.4502288752557284
Umred,2023,Winter,20.5,22.1,0.033,42.53,20.15,39.42,19.11,3.713,119.5,17.852,18.30995486323542,0.8000451367645809
Umred,2024,Pre-Monsoon,72.9,33.3,0.073,35.03,19.7,35.19,17.59,3.236,20.5,19.11,18.32831378728646,-0.7383137872864616
Umred,2024,Monsoon,399.6,25.1,0.349,34.32,19.71,37.36,18.44,3.357,72.9,17.59,18.133225584858714,0.30677441514128745
Umred,2024,Post-Monsoon,135.5,26.3,0.163,39.73,19.67,39.99,16.774,3.284,399.6,18.44,18.1443467424,-1.3703467423999989
Umred,2024,Winter,25.2,23.0,0.0,41.21,18.13,33.96,17.231,3.114,135.5,16.774,18.30995486323542,-1.078954863235417
